18 de Julio
Abadia de Goiás
Abadia dos Dourados
Abadiânia
Abaeté
Abaetetuba
Abaí
Abaiara
Abaíra
Abaré
Abatiá
Abdon Batista
Abel Figueiredo
Abelardo Luz
Abre Campo
Abreu e Lima
Abreulândia
Acahay
Acaiaca
Açailândia
Acajutiba
Acará
Acarape
Acaraú
Acari
Acauã
Aceguá
Acopiara
Acorizal
Acrelândia
Acreúna
Açu
Açucena
Adamantina
Adelândia
Adolfo
Adrianópolis
Adustina
Afogados da Ingazeira
Afonso Bezerra
Afonso Cláudio
Afonso Cunha
Afrânio
Afuá
Agrestina
Agricolândia
Agrolândia
Agronômica
Água Azul do Norte
Água Boa
Água Boa
Água Branca
Água Branca
Água Branca
Água Clara
Água Comprida
Água Doce
Água Doce do Maranhão
Água Doce do Norte
Água Fria
Água Fria de Goiás
Água Limpa
Água Nova
Água Preta
Água Santa
Aguaí
Aguanil
Águas Belas
Águas da Prata
Águas de Chapecó
Águas de Lindóia
Águas de Santa Bárbara
Águas de São Pedro
Águas Formosas
Águas Frias
Águas Lindas de Goiás
Águas Mornas
Águas Vermelhas
Aguaytia
Agudo
Agudos
Agudos do Sul
Águia Branca
Aguiar
Aguiarnópolis
Aija
Aimorés
Aiquara
Aiuaba
Aiuruoca
Ajuricaba
Alagoa
Alagoa Grande
Alagoa Nova
Alagoinha
Alagoinha
Alagoinha do Piauí
Alagoinhas
Alambari
Alberdi
Albertina
Alcântara
Alcântaras
Alcantil
Alcinópolis
Alcobaça
Aldeias Altas
Alecrim
Alegre
Alegrete
Alegrete do Piauí
Alegria
Além Paraíba
Alenquer
Alexandria
Alexânia
Alfenas
Alfredo Chaves
Alfredo Marcondes
Alfredo Vasconcelos
Alfredo Wagner
Algodão de Jandaíra
Alhandra
Aliança
Aliança do Tocantins
Almadina
Almas
Almeirim
Almenara
Almino Afonso
Almirante Tamandaré
Almirante Tamandaré do Sul
Aloândia
Alpercata
Alpestre
Alpinópolis
Alta Floresta
Alta Floresta D'Oeste
Altair
Altamira
Altamira do Maranhão
Altamira do Paraná
Altaneira
Alterosa
Altinho
Altinópolis
Alto Alegre
Alto Alegre
Alto Alegre
Alto Alegre do Maranhão
Alto Alegre do Pindaré
Alto Alegre dos Parecis
Alto Araguaia
Alto Bela Vista
Alto Boa Vista
Alto Caparaó
Alto do Rodrigues
Alto Feliz
Alto Garças
Alto Horizonte
Alto Jequitibá
Alto Longá
Alto Paraguai
Alto Paraíso
Alto Paraíso de Goiás
Alto Paraná
Alto Parnaíba
Alto Piquiri
Alto Rio Doce
Alto Rio Novo
Alto Santo
Alto Taquari
Altônia
Altos
Alumínio
Alvarães
Alvarenga
Álvares Florence
Álvares Machado
Álvaro de Carvalho
Alvear
Alvinlândia
Alvinópolis
Alvorada
Alvorada
Alvorada de Minas
Alvorada do Gurguéia
Alvorada do Norte
Alvorada do Sul
Alvorada D'Oeste
Amajari
Amambaí
Amapá
Amapá do Maranhão
Amaporã
Amaraji
Amaral Ferrador
Amaralina
Amarante
Amarante do Maranhão
Amargosa
Amaturá
Ambo
Amélia Rodrigues
América Dourada
Americana
Americano do Brasil
Américo Brasiliense
Américo de Campos
Ametista do Sul
Amontada
Amorinópolis
Amparo
Amparo
Amparo de São Francisco
Amparo do Serra
Ampére
Anadia
Anagé
Anahy
Anajás
Anajatuba
Analândia
Anamã
Ananás
Ananindeua
Anápolis
Anapu
Anapurus
Anastácio
Anaurilândia
Anchieta
Anchieta
Andaraí
Andirá
Andorinha
Andradas
Andradina
André da Rocha
Andrelândia
Angatuba
Angelândia
Angélica
Angelim
Angelina
Angical
Angical do Piauí
Angico
Angicos
Angra dos Reis
Anguera
Ângulo
Anhanguera
Anhembi
Anhumas
Anicuns
Anísio de Abreu
Anita Garibaldi
Anitápolis
Anori
Anta Gorda
Antas
Antonina
Antonina do Norte
Antônio Almeida
Antônio Cardoso
Antônio Carlos
Antônio Carlos
Antônio Dias
Antônio Gonçalves
Antônio João
Antônio Martins
Antônio Olinto
Antônio Prado
Antônio Prado de Minas
Aparecida
Aparecida
Aparecida de Goiânia
Aparecida do Rio Doce
Aparecida do Rio Negro
Aparecida do Taboado
Aparecida d'Oeste
Aperibé
Apiacá
Apiacás
Apiaí
Apicum-Açu
Apiúna
Apodi
Aporá
Aporé
Apóstoles
Apuarema
Apucarana
Apuí
Apuiarés
Aquidabã
Aquidauana
Aquiraz
Arabutã
Araçagi
Araçaí
Aracaju
Araçariguama
Araças
Aracati
Aracatu
Araçatuba
Araci
Aracitaba
Aracoiaba
Araçoiaba
Araçoiaba da Serra
Aracruz
Araçu
Araçuaí
Aragarças
Aragoiânia
Aragominas
Araguacema
Araguaçu
Araguaiana
Araguaína
Araguainha
Araguanã
Araguanã
Araguapaz
Araguari
Araguatins
Araioses
Aral Moreira
Aramari
Arambaré
Arame
Aramina
Arandu
Arantina
Arapeí
Arapiraca
Arapoema
Araponga
Arapongas
Araporã
Arapoti
Arapuá
Arapuã
Araputanga
Araquari
Arara
Araranguá
Araraquara
Araras
Ararendá
Arari
Araricá
Araripe
Araripina
Araruama
Araruna
Araruna
Arataca
Aratiba
Aratuba
Aratuípe
Arauá
Araucária
Araújos
Araxá
Arceburgo
Arco-Íris
Arcos
Arcoverde
Areado
Areal
Arealva
Areia
Areia Branca
Areia Branca
Areia de Baraúnas
Areial
Areias
Areiópolis
Arenápolis
Arenópolis
Arês
Argirita
Aricanduva
Arinos
Aripuanã
Ariquemes
Ariranha
Ariranha do Ivaí
Armação dos Búzios
Armazém
Arneiroz
Aroazes
Aroeiras
Aroeiras do Itaim
Arraial
Arraial do Cabo
Arraias
Arroio do Meio
Arroio do Padre
Arroio do Sal
Arroio do Tigre
Arroio dos Ratos
Arroio Grande
Arroio Trinta
Artigas
Artur Nogueira
Aruanã
Arujá
Arvoredo
Arvorezinha
Ascurra
Aspásia
Assaí
Assaré
Assis
Assis Brasil
Assis Chateaubriand
Assunção
Assunção do Piauí
Astolfo Dutra
Astorga
Asunción
Atalaia
Atalaia
Atalaia do Norte
Atalanta
Atalaya
Ataléia
Atibaia
Atilio Vivacqua
Augustinópolis
Augusto Corrêa
Augusto de Lima
Augusto Pestana
Augusto Severo
Áurea
Aurelino Leal
Auriflama
Aurilândia
Aurora
Aurora
Aurora do Pará
Aurora do Tocantins
Autazes
Avaí
Avanhandava
Avaré
Aveiro
Avelino Lopes
Avelinópolis
Axixá
Axixá do Tocantins
Ayolas
Babaçulândia
Bacabal
Bacabeira
Bacuri
Bacurituba
Bady Bassitt
Baependi
Bagé
Bagre
Baía da Traição
Baía Formosa
Baianópolis
Baião
Baixa Grande
Baixa Grande do Ribeiro
Baixio
Baixo Guandu
Balbinos
Baldim
Baliza
Balneário Arroio do Silva
Balneário Barra do Sul
Balneário Camboriú
Balneário Gaivota
Balneário Piçarras
Balneário Pinhal
Balneário Rincão
Balsa Nova
Bálsamo
Balsas
Bambuí
Banabuiú
Bananal
Bananeiras
Bandeira
Bandeira do Sul
Bandeirante
Bandeirantes
Bandeirantes
Bandeirantes do Tocantins
Bannach
Banzaê
Barão
Barão de Antonina
Barão de Cocais
Barão de Cotegipe
Barão de Grajaú
Barão de Melgaço
Barão de Monte Alto
Barão do Triunfo
Baraúna
Baraúna
Barbacena
Barbalha
Barbosa
Barbosa Ferraz
Barcarena
Barcelona
Barcelos
Bariri
Barra
Barra Bonita
Barra Bonita
Barra da Estiva
Barra D'Alcântara
Barra de Guabiraba
Barra de Santa Rosa
Barra de Santana
Barra de Santo Antônio
Barra de São Francisco
Barra de São Miguel
Barra de São Miguel
Barra do Bugres
Barra do Chapéu
Barra do Choça
Barra do Corda
Barra do Garças
Barra do Guarita
Barra do Jacaré
Barra do Mendes
Barra do Ouro
Barra do Piraí
Barra do Quaraí
Barra do Ribeiro
Barra do Rio Azul
Barra do Rocha
Barra do Turvo
Barra dos Coqueiros
Barra Funda
Barra Longa
Barra Mansa
Barra Velha
Barracão
Barracão
Barras
Barreira
Barreiras
Barreiras do Piauí
Barreirinha
Barreirinhas
Barreiros
Barretos
Barrinha
Barro
Barro Alto
Barro Alto
Barro Duro
Barro Preto
Barrocas
Barrolândia
Barroquinha
Barros Cassal
Barroso
Barueri
Bastos
Bataguassu
Batalha
Batalha
Batatais
Batayporã
Baturité
Bauru
Bayeux
Bebedouro
Beberibe
Bela Cruz
Bela Vista
Bela Vista da Caroba
Bela Vista de Goiás
Bela Vista de Minas
Bela Vista do Maranhão
Bela Vista do Paraíso
Bela Vista do Piauí
Bela Vista do Toldo
Belágua
Belém
Belém
Belém
Belém de Maria
Belém de São Francisco
Belém do Brejo do Cruz
Belém do Piauí
Belford Roxo
Bella Unión
Bella Vista
Bella Vista
Bella Vista
Bellavista
Belmiro Braga
Belmonte
Belmonte
Belo Campo
Belo Horizonte
Belo Jardim
Belo Monte
Belo Oriente
Belo Vale
Belterra
Beneditinos
Benedito Leite
Benedito Novo
Benevides
Benjamin Aceval
Benjamin Constant
Benjamin Constant do Sul
Bento de Abreu
Bento Fernandes
Bento Gonçalves
Benzdorp
Bequimão
Berilo
Berizal
Bernardino Batista
Bernardino de Campos
Bernardo do Mearim
Bernardo Sayão
Bertioga
Bertolínia
Bertópolis
Beruri
Betânia
Betânia do Piauí
Betim
Bezerros
Bias Fortes
Bicas
Biguaçu
Bilac
Biquinhas
Birigui
Biritiba-Mirim
Biritinga
Bituruna
Blumenau
Boa Esperança
Boa Esperança
Boa Esperança
Boa Esperança do Iguaçu
Boa Esperança do Sul
Boa Hora
Boa Nova
Boa Ventura
Boa Ventura de São Roque
Boa Viagem
Boa Vista
Boa Vista
Boa Vista da Aparecida
Boa Vista das Missões
Boa Vista do Buricá
Boa Vista do Cadeado
Boa Vista do Gurupi
Boa Vista do Incra
Boa Vista do Ramos
Boa Vista do Sul
Boa Vista do Tupim
Boca da Mata
Boca do Acre
Bocaina
Bocaina
Bocaina de Minas
Bocaina do Sul
Bocaiúva
Bocaiúva do Sul
Bodó
Bodocó
Bodoquena
Bofete
Bogotá
Boituva
Bolivar
Bom Conselho
Bom Despacho
Bom Jardim
Bom Jardim
Bom Jardim
Bom Jardim da Serra
Bom Jardim de Goiás
Bom Jardim de Minas
Bom Jesus
Bom Jesus
Bom Jesus
Bom Jesus
Bom Jesus
Bom Jesus da Lapa
Bom Jesus da Penha
Bom Jesus da Serra
Bom Jesus das Selvas
Bom Jesus de Goiás
Bom Jesus do Amparo
Bom Jesus do Araguaia
Bom Jesus do Galho
Bom Jesus do Itabapoana
Bom Jesus do Norte
Bom Jesus do Oeste
Bom Jesus do Sul
Bom Jesus do Tocantins
Bom Jesus do Tocantins
Bom Jesus dos Perdões
Bom Lugar
Bom Princípio
Bom Princípio do Piauí
Bom Progresso
Bom Repouso
Bom Retiro
Bom Retiro do Sul
Bom Sucesso
Bom Sucesso
Bom Sucesso
Bom Sucesso de Itararé
Bom Sucesso do Sul
Bombinhas
Bonfim
Bonfim
Bonfim do Piauí
Bonfinópolis
Bonfinópolis de Minas
Boninal
Bonito
Bonito
Bonito
Bonito
Bonito de Minas
Bonito de Santa Fé
Bonópolis
Boqueirão
Boqueirão do Leão
Boqueirão do Piauí
Boquim
Boquira
Borá
Boracéia
Borba
Borborema
Borborema
Borda da Mata
Borebi
Borrazópolis
Bossoroca
Botelhos
Botucatu
Botumirim
Botuporã
Botuverá
Bozano
Braço do Norte
Braço do Trombudo
Braga
Bragança
Bragança Paulista
Braganey
Branquinha
Brás Pires
Brasil Novo
Brasilândia
Brasilândia de Minas
Brasilândia do Sul
Brasilândia do Tocantins
Brasiléia
Brasileira
Brasília
Brasília de Minas
Brasnorte
Braúna
Braúnas
Brazabrantes
Brazópolis
Brejão
Brejetuba
Brejinho
Brejinho
Brejinho de Nazaré
Brejo
Brejo Alegre
Brejo da Madre de Deus
Brejo de Areia
Brejo do Cruz
Brejo do Piauí
Brejo dos Santos
Brejo Grande
Brejo Grande do Araguaia
Brejo Santo
Brejões
Brejolândia
Breu Branco
Breves
Britânia
Brochier
Brodowski
Brotas
Brotas de Macaúbas
Brumadinho
Brumado
Brunópolis
Brusque
Buena Vista
Bueno Brandão
Buenópolis
Buenos Aires
Buenos Aires
Buerarema
Bugre
Buíque
Bujari
Bujaru
Buri
Buritama
Buriti
Buriti Alegre
Buriti Bravo
Buriti de Goiás
Buriti do Tocantins
Buriti dos Lopes
Buriti dos Montes
Buriticupu
Buritinópolis
Buritirama
Buritirana
Buritis
Buritis
Buritizal
Buritizeiro
Butiá
Caacupé
Caaguazú
Caapiranga
Caaporã
Caapucú
Caarapó
Caatiba
Caazapá
Cabaceiras
Cabaceiras do Paraguaçu
Caballero
Cabeceira Grande
Cabeceiras
Cabeceiras do Piauí
Cabedelo
Cabixi
Cabo de Santo Agostinho
Cabo Frio
Cabo Verde
Cabrália Paulista
Cabreúva
Cabrobó
Caçador
Caçapava
Caçapava do Sul
Cacaulândia
Cacequi
Cáceres
Cachoeira
Cachoeira Alta
Cachoeira da Prata
Cachoeira de Goiás
Cachoeira de Minas
Cachoeira de Pajeú
Cachoeira do Arari
Cachoeira do Piriá
Cachoeira do Sul
Cachoeira dos Índios
Cachoeira Dourada
Cachoeira Dourada
Cachoeira Grande
Cachoeira Paulista
Cachoeiras de Macacu
Cachoeirinha
Cachoeirinha
Cachoeirinha
Cachoeiro de Itapemirim
Cachuela Esperanza
Cacimba de Areia
Cacimba de Dentro
Cacimbas
Cacimbinhas
Cacique Doble
Cacoal
Caconde
Caçu
Caculé
Caém
Caetanópolis
Caetanos
Caeté
Caetés
Caetité
Cafarnaum
Cafeara
Cafelândia
Cafelândia
Cafezal do Sul
Caiabu
Caiana
Caiapônia
Caibaté
Caibi
Caiçara
Caiçara
Caiçara do Norte
Caiçara do Rio do Vento
Caicó
Caieiras
Cairu
Caiuá
Cajamar
Cajapió
Cajari
Cajatambo
Cajati
Cajazeiras
Cajazeiras do Piauí
Cajazeirinhas
Cajobi
Cajueiro
Cajueiro da Praia
Cajuri
Cajuru
Calçado
Calçoene
Caldas
Caldas Brandão
Caldas Novas
Caldazinha
Caldeirão Grande
Caldeirão Grande do Piauí
Califórnia
Calmon
Calumbi
Camacan
Camaçari
Camacho
Camalaú
Camamu
Camanducaia
Camapuã
Camaquã
Camaragibe
Camargo
Cambará
Cambará do Sul
Cambé
Cambira
Camboriú
Cambuci
Cambuí
Cambuquira
Cametá
Camocim
Camocim de São Félix
Camopi
Campanário
Campanha
Campestre
Campestre
Campestre da Serra
Campestre de Goiás
Campestre do Maranhão
Campina da Lagoa
Campina das Missões
Campina do Monte Alegre
Campina do Simão
Campina Grande
Campina Grande do Sul
Campina Verde
Campinaçu
Campinápolis
Campinas
Campinas do Piauí
Campinas do Sul
Campinorte
Campo Alegre
Campo Alegre
Campo Alegre de Goiás
Campo Alegre de Lourdes
Campo Alegre do Fidalgo
Campo Azul
Campo Belo
Campo Belo do Sul
Campo Bom
Campo Bonito
Campo do Brito
Campo do Meio
Campo do Tenente
Campo Erê
Campo Florido
Campo Formoso
Campo Grande
Campo Grande
Campo Grande do Piauí
Campo Largo
Campo Largo do Piauí
Campo Limpo de Goiás
Campo Limpo Paulista
Campo Magro
Campo Maior
Campo Mourão
Campo Novo
Campo Novo de Rondônia
Campo Novo do Parecis
Campo Redondo
Campo Verde
Campos Altos
Campos Belos
Campos Borges
Campos de Júlio
Campos do Jordão
Campos dos Goytacazes
Campos Gerais
Campos Lindos
Campos Novos
Campos Novos Paulista
Campos Sales
Campos Verdes
Camutanga
Cana Verde
Canaã
Canaã dos Carajás
Canabrava do Norte
Cananéia
Canapi
Canápolis
Canápolis
Canarana
Canarana
Canas
Canavieira
Canavieiras
Candeal
Candeias
Candeias
Candeias do Jamari
Candelária
Candelária
Candiba
Cândido de Abreu
Cândido Godói
Cândido Mendes
Cândido Mota
Cândido Rodrigues
Cândido Sales
Candiota
Candói
Canela
Canelinha
Canguaretama
Canguçu
Canhoba
Canhotinho
Canindé
Canindé de São Francisco
Canitar
Canoas
Canoinhas
Cansanção
Canta
Cantá
Cantagalo
Cantagalo
Cantagalo
Cantanhede
Canto do Buriti
Canudos
Canudos do Vale
Canutama
Capanema
Capanema
Capão Alto
Capão Bonito
Capão Bonito do Sul
Capão da Canoa
Capão do Cipó
Capão do Leão
Caparaó
Capela
Capela
Capela de Santana
Capela do Alto
Capela do Alto Alegre
Capela Nova
Capelinha
Capetinga
Capim
Capim Branco
Capim Grosso
Capinópolis
Capinzal
Capinzal do Norte
Capistrano
Capitán Bado
Capitán Meza
Capitán Miranda
Capitão
Capitão Andrade
Capitão de Campos
Capitão Enéas
Capitão Gervásio Oliveira
Capitão Leônidas Marques
Capitão Poço
Capitólio
Capivari
Capivari de Baixo
Capivari do Sul
Capixaba
Capoeiras
Caputira
Caraá
Caracaraí
Caracas
Caracol
Caracol
Caraguatatuba
Caraí
Caraíbas
Carambeí
Caranaíba
Carandaí
Carangola
Carapebus
Carapeguá
Carapicuíba
Caratinga
Carauari
Caraúbas
Caraúbas
Caraúbas do Piauí
Caravelas
Carayaó
Caraz
Carazinho
Carbonita
Cardeal da Silva
Cardoso
Cardoso Moreira
Careaçu
Careiro
Careiro da Várzea
Carhuaz
Cariacica
Caridade
Caridade do Piauí
Carinhanha
Carira
Cariré
Cariri do Tocantins
Caririaçu
Cariús
Carlinda
Carlópolis
Carlos Barbosa
Carlos Chagas
Carlos Gomes
Carmen del Paraná
Carmésia
Carmo
Carmo da Cachoeira
Carmo da Mata
Carmo de Minas
Carmo do Cajuru
Carmo do Paranaíba
Carmo do Rio Claro
Carmo do Rio Verde
Carmolândia
Carmópolis
Carmópolis de Minas
Carnaíba
Carnaúba dos Dantas
Carnaubais
Carnaubal
Carnaubeira da Penha
Carneirinho
Carneiros
Caroebe
Carolina
Carpina
Carrancas
Carrapateira
Carrasco Bonito
Caruaru
Carutapera
Carvalhópolis
Carvalhos
Casa Branca
Casa Grande
Casa Nova
Casca
Cascalho Rico
Cascavel
Cascavel
Caseara
Caseiros
Casimiro de Abreu
Casinhas
Casserengue
Cássia
Cássia dos Coqueiros
Cassilândia
Castanhal
Castanheira
Castanheiras
Castelândia
Castelo
Castelo do Piauí
Castilho
Castillos
Castro
Castro Alves
Cataguases
Catalão
Catanduva
Catanduvas
Catanduvas
Catarina
Catas Altas
Catas Altas da Noruega
Catende
Catiguá
Catingueira
Catolândia
Catolé do Rocha
Catu
Catuípe
Catuji
Catunda
Caturaí
Caturama
Caturité
Catuti
Caucaia
Cavalcante
Caxambu
Caxambu do Sul
Caxias
Caxias do Sul
Caxingó
Cayenne
Ceará-Mirim
Cebollatí
Cedral
Cedral
Cedro
Cedro
Cedro de São João
Cedro do Abaeté
Celso Ramos
Centenário
Centenário
Centenário do Sul
Central
Central de Minas
Central do Maranhão
Centralina
Centro do Guilherme
Centro Novo do Maranhão
Cerejeiras
Ceres
Cerqueira César
Cerquilho
Cerrito
Cerro Azul
Cerro Branco
Cerro Corá
Cerro de Pasco
Cerro Grande
Cerro Grande do Sul
Cerro Largo
Cerro Negro
Cesário Lange
Céu Azul
Cezarina
Chã de Alegria
Chã Grande
Chã Preta
Chácara
Chacas
Chachapoyas
Chalé
Chapada
Chapada da Natividade
Chapada de Areia
Chapada do Norte
Chapada dos Guimarães
Chapada Gaúcha
Chapadão do Céu
Chapadão do Lageado
Chapadão do Sul
Chapadinha
Chapecó
Charqueada
Charqueadas
Charrua
Chaval
Chavantes
Chaves
Chiador
Chiapetta
Chiquian
Chopinzinho
Choró
Chorozinho
Chorrochó
Chuí
Chupinguaia
Chuvisca
Chuy
Cianorte
Cícero Dantas
Cidade Gaúcha
Cidade Ocidental
Cidelândia
Cidreira
Cipó
Cipotânea
Ciríaco
Ciudad del Este
Claraval
Claro dos Poções
Cláudia
Cláudio
Clementina
Clevelândia
Clorinda
Cnel. Bogado
Cnel. Oviedo
Coaraci
Coari
Cobija
Cocal
Cocal de Telha
Cocal do Sul
Cocal dos Alves
Cocalinho
Cocalzinho de Goiás
Cocos
Codajás
Codó
Coelho Neto
Coimbra
Coité do Nóia
Coivaras
Colares
Colatina
Colíder
Colina
Colinas
Colinas
Colinas do Sul
Colinas do Tocantins
Colméia
Colniza
Colômbia
Colombo
Colônia do Gurguéia
Colônia do Piauí
Colônia Leopoldina
Colorado
Colorado
Colorado do Oeste
Coluna
Com. Reserva
Comandante Fontana
Combinado
Comendador Gomes
Comendador Levy Gasparian
Comercinho
Comodoro
Conceição
Conceição da Aparecida
Conceição da Barra
Conceição da Barra de Minas
Conceição da Feira
Conceição das Alagoas
Conceição das Pedras
Conceição de Ipanema
Conceição de Macabu
Conceição do Almeida
Conceição do Araguaia
Conceição do Canindé
Conceição do Castelo
Conceição do Coité
Conceição do Jacuípe
Conceição do Lago-Açu
Conceição do Mato Dentro
Conceição do Pará
Conceição do Rio Verde
Conceição do Tocantins
Conceição dos Ouros
Concepcion
Concepción
Concepción
Conchal
Conchas
Concórdia
Concórdia
Concórdia do Pará
Condado
Condado
Conde
Conde
Condeúba
Condor
Cônego Marinho
Confins
Confresa
Congo
Congonhal
Congonhas
Congonhas do Norte
Congonhinhas
Conquista
Conquista d'Oeste
Conselheiro Lafaiete
Conselheiro Mairinck
Conselheiro Pena
Consolação
Constantina
Contagem
Contamana
Contenda
Contendas do Sincorá
Coqueiral
Coqueiro Baixo
Coqueiro Seco
Coqueiros do Sul
Coração de Jesus
Coração de Maria
Corbélia
Cordeiro
Cordeirópolis
Cordeiros
Cordilheira Alta
Cordisburgo
Cordislândia
Coreaú
Coremas
Corguinho
Coribe
Corinto
Cornélio Procópio
Coroaci
Coroados
Coroatá
Coromandel
Coronel Barros
Coronel Bicaco
Coronel Domingos Soares
Coronel Ezequiel
Coronel Fabriciano
Coronel Freitas
Coronel João Pessoa
Coronel João Sá
Coronel José Dias
Coronel Macedo
Coronel Martins
Coronel Murta
Coronel Pacheco
Coronel Pilar
Coronel Sapucaia
Coronel Vivida
Coronel Xavier Chaves
Corongo
Corpus Christi Nuevo
Córrego D'anta
Córrego do Bom Jesus
Córrego do Ouro
Córrego Fundo
Córrego Novo
Correia Pinto
Corrente
Correntes
Correntina
Corrientes
Cortês
Corumbá
Corumbá de Goiás
Corumbaíba
Corumbataí
Corumbataí do Sul
Corumbiara
Corupá
Coruripe
Cosmópolis
Cosmorama
Costa Marques
Costa Rica
Cotegipe
Cotia
Cotiporã
Cotriguaçu
Couto de Magalhães de Minas
Couto Magalhães
Coxilha
Coxim
Coxixola
Craíbas
Crateús
Crato
Cravinhos
Cravolândia
Criciúma
Crisólita
Crisópolis
Crissiumal
Cristais
Cristais Paulista
Cristal
Cristal do Sul
Cristalândia
Cristalândia do Piauí
Cristália
Cristalina
Cristiano Otoni
Cristianópolis
Cristina
Cristinápolis
Cristino Castro
Cristópolis
Crixás
Crixás do Tocantins
Croatá
Cromínia
Crucilândia
Cruz
Cruz Alta
Cruz das Almas
Cruz do Espírito Santo
Cruz Machado
Cruzália
Cruzaltense
Cruzeiro
Cruzeiro da Fortaleza
Cruzeiro do Iguaçu
Cruzeiro do Oeste
Cruzeiro do Sul
Cruzeiro do Sul
Cruzeiro do Sul
Cruzeta
Cruzília
Cruzmaltina
Cubatão
Cubati
Cuiabá
Cuité
Cuité de Mamanguape
Cuitegi
Cujubim
Cumari
Cumaru
Cumaru do Norte
Cumbe
Cunha
Cunha Porã
Cunhataí
Cuparaque
Cupira
Curaçá
Curimatá
Curionópolis
Curitiba
Curitibanos
Curiúva
Currais
Currais Novos
Curral de Cima
Curral de Dentro
Curral Novo do Piauí
Curral Velho
Curralinho
Curralinhos
Curuá
Curuçá
Curuguaty
Cururupu
Curuzú Cuatiá
Curvelândia
Curvelo
Custódia
Cutias
Damianópolis
Damião
Damolândia
Darcinópolis
Dário Meira
Datas
David Canabarro
Davinópolis
Davinópolis
Delfim Moreira
Delfinópolis
Delmiro Gouveia
Delta
Demerval Lobão
Denise
Deodápolis
Deputado Irapuan Pinheiro
Derrubadas
Descalvado
Descanso
Descoberto
Desterro
Desterro de Entre Rios
Desterro do Melo
Dezesseis de Novembro
Diadema
Diamante
Diamante do Norte
Diamante do Sul
Diamante D'Oeste
Diamantina
Diamantino
Dianópolis
Dias d'Ávila
Diciembre
Dilermando de Aguiar
Diogo de Vasconcelos
Dionísio
Dionísio Cerqueira
Diorama
Dirce Reis
Dirceu Arcoverde
Divina Pastora
Divinésia
Divino
Divino das Laranjeiras
Divino de São Lourenço
Divinolândia
Divinolândia de Minas
Divinópolis
Divinópolis de Goiás
Divinópolis do Tocantins
Divisa Alegre
Divisa Nova
Divisópolis
Dobrada
Doctor Cecílio Báez
Dois Córregos
Dois Irmãos
Dois Irmãos das Missões
Dois Irmãos do Buriti
Dois Irmãos do Tocantins
Dois Lajeados
Dois Riachos
Dois Vizinhos
Dolcinópolis
Dom Aquino
Dom Basílio
Dom Bosco
Dom Cavati
Dom Eliseu
Dom Expedito Lopes
Dom Feliciano
Dom Inocêncio
Dom Joaquim
Dom Macedo Costa
Dom Pedrito
Dom Pedro
Dom Pedro de Alcântara
Dom Silvério
Dom Viçoso
Domingos Martins
Domingos Mourão
Dona Emma
Dona Eusébia
Dona Francisca
Dona Inês
Dores de Campos
Dores de Guanhães
Dores do Indaiá
Dores do Rio Preto
Dores do Turvo
Doresópolis
Dormentes
Douradina
Douradina
Dourado
Douradoquara
Dourados
Doutor Camargo
Doutor Maurício Cardoso
Doutor Pedrinho
Doutor Ricardo
Doutor Severiano
Doutor Ulysses
Doverlândia
Dr. J. L. Mallorquén
Dr. Juan M. Frutos
Dracena
Duartina
Duas Barras
Duas Estradas
Dueré
Dumont
Duque Bacelar
Duque de Caxias
Durandé
Echaporã
Ecoporanga
Edealina
Edéia
Eirunepé
Eldorado
Eldorado
Eldorado
Eldorado do Sul
Eldorado dos Carajás
Elesbão Veloso
Elias Fausto
Eliseu Martins
Elisiário
Elísio Medrado
Elói Mendes
Emas
Embaúba
Embu
Embu-Guaçu
Emilianópolis
Empedrado
Encantado
Encanto
Encarnación
Encruzilhada
Encruzilhada do Sul
Enéas Marques
Engenheiro Beltrão
Engenheiro Caldas
Engenheiro Coelho
Engenheiro Navarro
Engenheiro Paulo de Frontin
Engenho Velho
Entre Folhas
Entre Rios
Entre Rios
Entre Rios de Minas
Entre Rios do Oeste
Entre Rios do Sul
Entre-Ijuís
Envira
Epitaciolândia
Equador
Erebango
Erechim
Ererê
Érico Cardoso
Ermo
Ernestina
Erval Grande
Erval Seco
Erval Velho
Ervália
Escada
Escobar
Esmeralda
Esmeraldas
Espera Feliz
Esperança
Esperança do Sul
Esperança Nova
Esperantina
Esperantina
Esperantinópolis
Esperanza
Espigão Alto do Iguaçu
Espigão D'Oeste
Espinosa
Espírito Santo
Espírito Santo do Dourado
Espírito Santo do Pinhal
Espírito Santo do Turvo
Esplanada
Espumoso
Esquina
Estação
Estância
Estância Velha
Esteio
Estiva
Estiva Gerbi
Estreito
Estrela
Estrela Dalva
Estrela de Alagoas
Estrela do Indaiá
Estrela do Norte
Estrela do Norte
Estrela do Sul
Estrela d'Oeste
Estrela Velha
Euclides da Cunha
Euclides da Cunha Paulista
Eugênio de Castro
Eugenópolis
Eunápolis
Eusébio
Eusebio Ayala
Ewbank da Câmara
Exaltacion
Extrema
Extremoz
Exu
Fagundes
Fagundes Varela
Faina
Fama
Faria Lemos
Farias Brito
Faro
Farol
Farroupilha
Fartura
Fartura do Piauí
Fátima
Fátima
Fátima do Sul
Faxinal
Faxinal do Soturno
Faxinal dos Guedes
Faxinalzinho
Fazenda Nova
Fazenda Rio Grande
Fazenda Vilanova
Federación
Federal
Feijó
Feira da Mata
Feira de Santana
Feira Grande
Feira Nova
Feira Nova
Feira Nova do Maranhão
Felício dos Santos
Felipe Guerra
Felipe Matiauda
Felisburgo
Felixlândia
Feliz
Feliz Deserto
Feliz Natal
Fênix
Fernandes Pinheiro
Fernandes Tourinho
Fernando de Noronha
Fernando Falcão
Fernando Pedroza
Fernando Prestes
Fernandópolis
Fernão
Ferraz de Vasconcelos
Ferreira Gomes
Ferreiros
Ferros
Fervedouro
Figueira
Figueirão
Figueirópolis
Figueirópolis D'Oeste
Filadélfia
Filadélfia
Firmino Alves
Firminópolis
Flexeiras
Flor da Serra do Sul
Flor do Sertão
Flora Rica
Floraí
Florânia
Floreal
Flores
Flores da Cunha
Flores de Goiás
Flores do Piauí
Floresta
Floresta
Floresta Azul
Floresta do Araguaia
Floresta do Piauí
Florestal
Florestópolis
Floriano
Floriano Peixoto
Florianópolis
Flórida
Flórida Paulista
Florínia
Fonte Boa
Fontoura Xavier
Formiga
Formigueiro
Formosa
Formosa
Formosa da Serra Negra
Formosa do Oeste
Formosa do Rio Preto
Formosa do Sul
Formoso
Formoso
Formoso do Araguaia
Forquetinha
Forquilha
Forquilhinha
Fortaleza
Fortaleza
Fortaleza de Minas
Fortaleza do Tabocão
Fortaleza dos Nogueiras
Fortaleza dos Valos
Fortim
Fortuna
Fortuna de Minas
Foz do Iguaçu
Foz do Jordão
Fraiburgo
Franca
Francinópolis
Francisco Alves
Francisco Ayres
Francisco Badaró
Francisco Beltrão
Francisco Dantas
Francisco Dumont
Francisco Macedo
Francisco Morato
Francisco Sá
Francisco Santos
Franciscópolis
Franco da Rocha
Frecheirinha
Frederico Westphalen
Frei Gaspar
Frei Inocêncio
Frei Lagonegro
Frei Martinho
Frei Miguelinho
Frei Paulo
Frei Rogério
Fronteira
Fronteira dos Vales
Fronteiras
Fruta de Leite
Frutal
Frutuoso Gomes
Fuerte Olimpo
Fundão
Funilândia
Gabriel Monteiro
Gado Bravo
Gália
Galiléia
Galinhos
Galvão
Gameleira
Gameleira de Goiás
Gameleiras
Gandu
Garanhuns
Gararu
Garça
Garibaldi
Garopaba
Garrafão do Norte
Garruchos
Garuva
Gaspar
Gastão Vidigal
Gaúcha do Norte
Gaurama
Gavião
Gavião Peixoto
Geminiano
Gen. Artigas
General Câmara
General Carneiro
General Carneiro
General Enrique Martínez
General José de San Martí
General Maynard
General Salgado
General Sampaio
Gentil
Gentio do Ouro
Georgetown
Getulina
Getúlio Vargas
Gilbués
Girau do Ponciano
Giruá
Glaucilândia
Glicério
Glória
Glória de Dourados
Glória do Goitá
Glória D'Oeste
Glorinha
Godofredo Viana
Godoy Moreira
Goiabeira
Goiana
Goianá
Goianápolis
Goiandira
Goianésia
Goianésia do Pará
Goiânia
Goianinha
Goianira
Goianorte
Goiás
Goiatins
Goiatuba
Goioerê
Goioxim
Gonçalves
Gonçalves Dias
Gongogi
Gonzaga
Gouveia
Gouvelândia
Governador Archer
Governador Celso Ramos
Governador Dix-Sept Rosado
Governador Edison Lobão
Governador Eugênio Barros
Governador Jorge Teixeira
Governador Lindenberg
Governador Luiz Rocha
Governador Mangabeira
Governador Newton Bello
Governador Nunes Freire
Governador Valadares
Goya
Graça
Graça Aranha
Gracho Cardoso
Grajaú
Gral Delgado
Gral. Elizardo Aquino
Gral. H. Mormigo
Gramado
Gramado dos Loureiros
Gramado Xavier
Grandes Rios
Granito
Granja
Granjeiro
Grão Mogol
Grão Pará
Gravatá
Gravataí
Gravatal
Groaíras
Grossos
Grupiara
Guabiju
Guabiruba
Guaçuí
Guadalupe
Guaíba
Guaiçara
Guaimbê
Guaíra
Guaíra
Guairaçá
Guaiúba
Guajará
Guajará-Mirim
Guajeru
Guamaré
Guamiranga
Guanambi
Guanhães
Guapé
Guapiaçu
Guapiara
Guapimirim
Guapirama
Guapó
Guaporé
Guaporema
Guará
Guarabira
Guaraçaí
Guaraci
Guaraci
Guaraciaba
Guaraciaba
Guaraciaba do Norte
Guaraciama
Guaraí
Guaraíta
Guarambaré
Guaramiranga
Guaramirim
Guaranésia
Guarani
Guarani
Guarani das Missões
Guarani de Goiás
Guarani d'Oeste
Guaraniaçu
Guarantã
Guarantã do Norte
Guarapari
Guarapuava
Guaraqueçaba
Guarará
Guararapes
Guararema
Guaratinga
Guaratinguetá
Guaratuba
Guarda-Mor
Guareí
Guariba
Guaribas
Guarinos
Guarujá
Guarujá do Sul
Guarulhos
Guatambú
Guatapará
Guaxupé
Guayaramerin
Guazucuá
Guia Lopes da Laguna
Guidoval
Guimarães
Guimarânia
Guiratinga
Guiricema
Gurinhatã
Gurinhém
Gurjão
Gurupá
Gurupi
Guzolândia
Harmonia
Heitoraí
Heliodora
Heliópolis
Herculândia
Hernandárias
Herval
Herval d'Oeste
Herveiras
Hidrolândia
Hidrolândia
Hidrolina
Holambra
Honório Serpa
Horizonte
Horizontina
Horqueta
Hortolândia
Huacho
Huacrachuco
Huanuco
Huaral
Huaraz
Huari
Hugo Napoleão
Hulha Negra
Humaitá
Humaitá
Humaitá
Humaitá
Humberto de Campos
Iacanga
Iaciara
Iacri
Iaçu
Iapu
Iaras
Ibaiti
Ibarama
Ibaretama
Ibaté
Ibateguara
Ibatiba
Ibema
Ibertioga
Ibiá
Ibiaçá
Ibiaí
Ibiam
Ibiapina
Ibiara
Ibiassucê
Ibicaraí
Ibicaré
Ibicoara
Ibicuí
Ibicuitinga
Ibimirim
Ibipeba
Ibipitanga
Ibiporã
Ibiquera
Ibirá
Ibiracatu
Ibiraci
Ibiraçu
Ibiraiaras
Ibirajuba
Ibirama
Ibirapitanga
Ibirapuã
Ibirapuitã
Ibirarema
Ibirataia
Ibirité
Ibirubá
Ibitiara
Ibitinga
Ibitirama
Ibititá
Ibitiúra de Minas
Ibituruna
Ibiúna
Ibotirama
Icapuí
Içara
Icaraí de Minas
Icaraíma
Icatu
Icém
Ichu
Icó
Iconha
Ielmo Marinho
Iepê
Igaci
Igaporã
Igaraçu do Tietê
Igaracy
Igarapava
Igarapé
Igarapé do Meio
Igarapé Grande
Igarapé-Açu
Igarapé-Miri
Igarassu
Igaratá
Igaratinga
Igrapiúna
Igreja Nova
Igrejinha
Iguaba Grande
Iguaí
Iguape
Iguaraci
Iguaraçu
Iguatama
Iguatemi
Iguatu
Iguatu
Ijaci
Ijuí
Ilha Comprida
Ilha das Flores
Ilha de Itamaracá
Ilha Grande
Ilha Solteira
Ilhabela
Ilhéus
Ilhota
Ilicínea
Ilópolis
Imaculada
Imaruí
Imbaú
Imbé
Imbé de Minas
Imbituba
Imbituva
Imbuia
Imigrante
Imperatriz
Inácio Martins
Inaciolândia
Inajá
Inajá
Inapari
Inconfidentes
Indaiabira
Indaial
Indaiatuba
Independencia
Independência
Independência
Indiana
Indianópolis
Indianópolis
Indiaporã
Indiara
Indiaroba
Indiavaí
Ing. Palacios
Ingá
Ingaí
Ingazeira
Inhacorá
Inhambupe
Inhangapi
Inhapi
Inhapim
Inhaúma
Inhuma
Inhumas
Inimutaba
Inocência
Inúbia Paulista
Iomerê
Ipaba
Ipacaraí
Ipameri
Ipanema
Ipanguaçu
Ipaporanga
Ipatinga
Ipaumirim
Ipaussu
Ipê
Ipecaetá
Iperó
Ipeúna
Ipiaçu
Ipiaú
Ipiguá
Ipira
Ipirá
Ipiranga
Ipiranga de Goiás
Ipiranga do Norte
Ipiranga do Piauí
Ipiranga do Sul
Ipixuna
Ipixuna do Pará
Ipojuca
Iporá
Iporã
Iporã do Oeste
Iporanga
Ipu
Ipuã
Ipuaçu
Ipubi
Ipueira
Ipueiras
Ipueiras
Ipuiúna
Ipumirim
Ipupiara
Iracema
Iracema
Iracema do Oeste
Iracemápolis
Iraceminha
Iraí
Iraí de Minas
Irajuba
Iramaia
Iranduba
Irani
Irapuã
Irapuru
Iraquara
Irará
Irati
Irati
Irauçuba
Irecê
Iretama
Irineópolis
Irituia
Irupi
Isaías Coelho
Isidoro Resquim
Isla Umbú
Israelândia
Itá
Itá
Itaara
Itabaiana
Itabaiana
Itabaianinha
Itabela
Itaberá
Itaberaba
Itaberaí
Itabi
Itabira
Itabirinha
Itabirito
Itaboraí
Itabuna
Itacajá
Itacambira
Itacarambi
Itacaré
Itacoatiara
Itacuruba
Itacurubi
Itacurubi
Itacurubí del Rosário
Itaeté
Itagi
Itagibá
Itagimirim
Itaguaçu
Itaguaçu da Bahia
Itaguaí
Itaguajé
Itaguara
Itaguari
Itaguaru
Itaguatins
Itaí
Itaíba
Itaiçaba
Itainópolis
Itaiópolis
Itaipava do Grajaú
Itaipé
Itaipulândia
Itaitinga
Itaituba
Itajá
Itajá
Itajaí
Itajobi
Itaju
Itaju do Colônia
Itajubá
Itajuípe
Italva
Itamaraju
Itamarandiba
Itamarati
Itamarati de Minas
Itamari
Itambacuri
Itambaracá
Itambé
Itambé
Itambé
Itambé do Mato Dentro
Itamogi
Itamonte
Itanagra
Itañará
Itanhaém
Itanhandu
Itanhangá
Itanhém
Itanhomi
Itaobim
Itaóca
Itaocara
Itapaci
Itapagé
Itapagipe
Itaparica
Itapé
Itapebi
Itapecerica
Itapecerica da Serra
Itapecuru Mirim
Itapejara d'Oeste
Itapema
Itapemirim
Itaperuçu
Itaperuna
Itapetim
Itapetinga
Itapetininga
Itapeva
Itapeva
Itapevi
Itapicuru
Itapipoca
Itapira
Itapiranga
Itapiranga
Itapirapuã
Itapirapuã Paulista
Itapiratins
Itapissuma
Itapitanga
Itapiúna
Itapoá
Itápolis
Itaporã
Itaporã do Tocantins
Itaporanga
Itaporanga
Itaporanga d'Ajuda
Itapororoca
Itapuã do Oeste
Itapuca
Itapuí
Itapura
Itapuranga
Itaquaquecetuba
Itaquara
Itaqui
Itaquiraí
Itaquitinga
Itaquyry
Itarana
Itarantim
Itararé
Itarema
Itariri
Itarumã
Itati
Itatiaia
Itatiaiuçu
Itatiba
Itatiba do Sul
Itatim
Itatinga
Itatira
Itatuba
Itaú
Itaú de Minas
Itaúba
Itaubal
Itauçu
Itaueira
Itaúna
Itaúna do Sul
Itaverava
Itinga
Itinga do Maranhão
Itiquira
Itirapina
Itirapuã
Itiruçu
Itiúba
Itobi
Itororó
Itu
Ituaçu
Ituberá
Itueta
Ituiutaba
Itumbiara
Itumirim
Itupeva
Itupiranga
Ituporanga
Iturama
Itutinga
Ituverava
Iuiú
Iúna
Ivaí
Ivaiporã
Ivaté
Ivatuba
Ivinhema
Ivolândia
Ivorá
Ivoti
Jaboatão dos Guararapes
Jaborá
Jaborandi
Jaborandi
Jaboti
Jaboticaba
Jaboticabal
Jaboticatubas
Jaçanã
Jacaraci
Jacaraú
Jacaré dos Homens
Jacareacanga
Jacareí
Jacarezinho
Jaci
Jaciara
Jacinto
Jacinto Machado
Jacobina
Jacobina do Piauí
Jacuí
Jacuípe
Jacuizinho
Jacundá
Jacupiranga
Jacutinga
Jacutinga
Jaguapitã
Jaguaquara
Jaguaraçu
Jaguarão
Jaguarari
Jaguaré
Jaguaretama
Jaguari
Jaguariaíva
Jaguaribara
Jaguaribe
Jaguaripe
Jaguariúna
Jaguaruana
Jaguaruna
Jaíba
Jaicós
Jales
Jambeiro
Jampruca
Janaúba
Jandaia
Jandaia do Sul
Jandaíra
Jandaíra
Jandira
Janduís
Jangada
Janiópolis
Januária
Januário Cicco
Japaraíba
Japaratinga
Japaratuba
Japeri
Japi
Japira
Japoatã
Japonvar
Japorã
Japurá
Japurá
Jaqueira
Jaquirana
Jaraguá
Jaraguá do Sul
Jaraguari
Jaramataia
Jardim
Jardim
Jardim Alegre
Jardim de Angicos
Jardim de Piranhas
Jardim do Mulato
Jardim do Seridó
Jardim Olinda
Jardinópolis
Jardinópolis
Jari
Jarinu
Jaru
Jataí
Jataizinho
Jataúba
Jateí
Jati
Jati
Jatobá
Jatobá
Jatobá do Piauí
Jaú
Jaú do Tocantins
Jauja
Jaupaci
Jauru
Jeceaba
Jenipapo de Minas
Jenipapo dos Vieiras
Jequeri
Jequiá da Praia
Jequié
Jequitaí
Jequitibá
Jequitinhonha
Jeremoabo
Jericó
Jeriquara
Jerônimo Monteiro
Jerumenha
Jesuânia
Jesuítas
Jesúpolis
Jijoca de Jericoacoara
Ji-Paraná
Jiquiriçá
Jitaúna
Joaçaba
Joaíma
Joanésia
Joanópolis
João Alfredo
João Câmara
João Costa
João Dias
João Dourado
João Lisboa
João Monlevade
João Neiva
João Pessoa
João Pinheiro
João Ramalho
Joaquim Felício
Joaquim Gomes
Joaquim Nabuco
Joaquim Pires
Joaquim Távora
Joca Marques
Jóia
Joinville
Jordânia
Jordão
José Boiteux
José Bonifácio
José da Penha
José de Freitas
José Gonçalves de Minas
José Raydan
Joselândia
Josenópolis
Joviânia
Juan de Mena
Juanjui
Juara
Juarez Távora
Juarina
Juatuba
Juazeirinho
Juazeiro
Juazeiro do Norte
Juazeiro do Piauí
Jucás
Jucati
Jucuruçu
Jucurutu
Juína
Juiz de Fora
Júlio Borges
Júlio de Castilhos
Júlio Mesquita
Jumirim
Junco do Maranhão
Junco do Seridó
Jundiá
Jundiá
Jundiaí
Jundiaí do Sul
Junín
Junqueiro
Junqueirópolis
Jupi
Jupiá
Juquiá
Juquitiba
Juramento
Juranda
Jurema
Jurema
Juripiranga
Juru
Juruá
Juruaia
Juruena
Juruti
Juscimeira
Jussara
Jussara
Jussara
Jussari
Jussiape
Jutaí
Juti
Juvenília
Kaloré
La Colmena
La Cruz
La Oroya
La Paz
La Paz
La Unión
La. Merced
Lábrea
Lacerdópolis
Ladainha
Ladário
Lafaiete Coutinho
Lagamar
Lagarto
Lages
Lago da Pedra
Lago do Junco
Lago dos Rodrigues
Lago Verde
Lagoa
Lagoa Alegre
Lagoa Bonita do Sul
Lagoa da Canoa
Lagoa da Confusão
Lagoa da Prata
Lagoa d'Anta
Lagoa de Dentro
Lagoa de Pedras
Lagoa de São Francisco
Lagoa de Velhos
Lagoa do Barro do Piauí
Lagoa do Carro
Lagoa do Itaenga
Lagoa do Mato
Lagoa do Ouro
Lagoa do Piauí
Lagoa do Sítio
Lagoa do Tocantins
Lagoa dos Gatos
Lagoa dos Patos
Lagoa dos Três Cantos
Lagoa Dourada
Lagoa Formosa
Lagoa Grande
Lagoa Grande
Lagoa Grande do Maranhão
Lagoa Nova
Lagoa Real
Lagoa Salgada
Lagoa Santa
Lagoa Santa
Lagoa Seca
Lagoa Vermelha
Lagoão
Lagoinha
Lagoinha do Piauí
Laguna
Laguna Carapã
Laje
Laje do Muriaé
Lajeado
Lajeado
Lajeado do Bugre
Lajeado Grande
Lajeado Novo
Lajedão
Lajedinho
Lajedo
Lajedo do Tabocal
Lajes
Lajes Pintadas
Lajinha
Lamarão
Lamas
Lambari
Lambari D'Oeste
Lamim
Lamud
Landri Sales
Lapa
Lapão
Laranja da Terra
Laranjal
Laranjal
Laranjal do Jari
Laranjal Paulista
Laranjeiras
Laranjeiras do Sul
Lassance
Lastro
Laureles
Laurentino
Lauro de Freitas
Lauro Muller
Lavandeira
Lavínia
Lavras
Lavras da Mangabeira
Lavras do Sul
Lavrinhas
Leandro Ferreira
Leandro N. Alem
Lebon Régis
Leme
Leme do Prado
Lençóis
Lençóis Paulista
Leoberto Leal
Leopoldina
Leopoldo de Bulhões
Leópolis
Liberato Salzano
Liberdade
Licínio de Almeida
Lidianópolis
Lima
Lima
Lima Campos
Lima Duarte
Limeira
Limeira do Oeste
Limoeiro
Limoeiro de Anadia
Limoeiro do Ajuru
Limoeiro do Norte
Lindoeste
Lindóia
Lindóia do Sul
Lindolfo Collor
Linha Nova
Linhares
Lins
Livramento
Livramento de Nossa Senhora
Lizarda
Llamellin
Llata
Loanda
Lobato
Logradouro
Londrina
Lontra
Lontras
Lorena
Loreto
Loreto
Loreto
Lourdes
Louveira
Lucas do Rio Verde
Lucélia
Lucena
Lucianópolis
Luciára
Lucrécia
Luís Antônio
Luís Correia
Luís Domingues
Luís Eduardo Magalhães
Luís Gomes
Luisburgo
Luislândia
Luiz Alves
Luiziana
Luiziânia
Luminárias
Lunardelli
Lupércio
Lupionópolis
Luque
Lutécia
Luz
Luzerna
Luziânia
Luzilândia
Luzinópolis
Macaé
Macaíba
Macajuba
Maçambará
Macambira
Macapá
Macaparana
Macarani
Macatuba
Macau
Macaubal
Macaúbas
Macedônia
Maceió
Machacalis
Machadinho
Machadinho D'Oeste
Machado
Machados
Macieira
Maciel
Macuco
Macururé
Madalena
Madeiro
Madre de Deus
Madre de Deus de Minas
Mãe d'Água
Mãe do Rio
Maetinga
Mafra
Magalhães Barata
Magalhães de Almeida
Magda
Magdalena
Magé
Maiquinique
Mairi
Mairinque
Mairiporã
Mairipotaba
Major Gercino
Major Isidoro
Major Sales
Major Vieira
Makallé
Malacacheta
Malhada
Malhada de Pedras
Malhada dos Bois
Malhador
Mallet
Malta
Mamanguape
Mambaí
Mamborê
Mamonas
Mampituba
Manacapuru
Manaíra
Manaquiri
Manari
Manaus
Mâncio Lima
Mandaguaçu
Mandaguari
Mandirituba
Manduri
Manfrinópolis
Manga
Mangaratiba
Mangueirinha
Manhuaçu
Manhumirim
Manicoré
Manoa
Manoel Emídio
Manoel Ribas
Manoel Urbano
Manoel Viana
Manoel Vitorino
Mansidão
Mantena
Mantenópolis
Maquiné
Mar de Espanha
Mar Vermelho
Mara Rosa
Maraã
Marabá
Marabá Paulista
Maracaçumé
Maracaí
Maracajá
Maracaju
Maracanã
Maracanaú
Maracás
Maragogi
Maragogipe
Maraial
Marajá do Sena
Maranguape
Maranhãozinho
Marapanim
Marapoama
Maratá
Marataízes
Marau
Maraú
Maravilha
Maravilha
Maravilhas
Marcação
Marcelândia
Marcelino Ramos
Marcelino Vieira
Marcionílio Souza
Marco
Marcolândia
Marcos Parente
Marechal Cândido Rondon
Marechal Deodoro
Marechal Floriano
Marechal Thaumaturgo
Marema
Mari
Maria da Fé
Maria Helena
Marialva
Mariana
Mariana Pimentel
Mariano Moro
Marianópolis do Tocantins
Mariápolis
Maribondo
Maricá
Marilac
Marilândia
Marilândia do Sul
Marilena
Marília
Mariluz
Maringá
Marinópolis
Mário Campos
Mariópolis
Maripá
Maripá de Minas
Maripasoula
Marituba
Marizópolis
Marliéria
Marmeleiro
Marmelópolis
Maroa
Marques de Souza
Marquinho
Martinho Campos
Martinópole
Martinópolis
Martins
Martins Soares
Maruim
Marumbi
Marzagão
Mascote
Massapê
Massapê do Piauí
Massaranduba
Massaranduba
Mata
Mata de São João
Mata Grande
Mata Roma
Mata Verde
Matão
Mataraca
Mateiros
Matelândia
Materlândia
Mateus Leme
Mathias Lobato
Matias Barbosa
Matias Cardoso
Matias Olímpio
Matina
Matinha
Matinhas
Matinhos
Matipó
Mato Castelhano
Mato Grosso
Mato Leitão
Mato Queimado
Mato Rico
Mato Verde
Matões
Matões do Norte
Matos Costa
Matozinhos
Matrinchã
Matriz de Camaragibe
Matucana
Matupá
Maturéia
Matutina
Mauá
Mauá da Serra
Maués
Maurício J. Troché
Maurilândia
Maurilândia do Tocantins
Mauriti
Maxaranguape
Maximiliano de Almeida
Mayor Martinez
Mazagão
Mburucuyá
Mbuyabey
Medeiros
Medeiros Neto
Medianeira
Medicilândia
Medina
Meleiro
Melgaço
Mendes
Mendes Pimentel
Mendonça
Mendoza
Mercedes
Mercedes
Mercês
Meridiano
Meruoca
Mesópolis
Mesquita
Mesquita
Messias
Messias Targino
Miguel Alves
Miguel Calmon
Miguel Leão
Miguel Pereira
Miguelópolis
Milagres
Milagres
Milagres do Maranhão
Milhã
Milton Brandão
Mimoso de Goiás
Mimoso do Sul
Minaçu
Minador do Negrão
Minas do Leão
Minas Novas
Minduri
Mineiros
Mineiros do Tietê
Ministro Andreazza
Mira Estrela
Mirabela
Miracatu
Miracema
Miracema do Tocantins
Mirador
Mirador
Miradouro
Miraguaí
Miraí
Miraíma
Miranda
Miranda do Norte
Mirandiba
Mirandópolis
Mirangaba
Miranorte
Mirante
Mirante da Serra
Mirante do Paranapanema
Miraselva
Mirassol
Mirassol d'Oeste
Mirassolândia
Miravânia
Mirim Doce
Mirinzal
Missal
Missão Velha
Mitu
Mocajuba
Mococa
Modelo
Moeda
Moema
Mogeiro
Mogi das Cruzes
Mogi Guaçu
Moiporá
Moita Bonita
Moji Mirim
Moju
Mojuí dos Campos
Mombaça
Mombuca
Monção
Monções
Mondaí
Mongaguá
Monjolos
Monsenhor Gil
Monsenhor Hipólito
Monsenhor Paulo
Monsenhor Tabosa
Montadas
Montalvânia
Montanha
Montanhas
Montauri
Monte Alegre
Monte Alegre
Monte Alegre de Goiás
Monte Alegre de Minas
Monte Alegre de Sergipe
Monte Alegre do Piauí
Monte Alegre do Sul
Monte Alegre dos Campos
Monte Alto
Monte Aprazível
Monte Azul
Monte Azul Paulista
Monte Belo
Monte Belo do Sul
Monte Carlo
Monte Carmelo
Monte Caseros
Monte Castelo
Monte Castelo
Monte das Gameleiras
Monte do Carmo
Monte Formoso
Monte Horebe
Monte Mor
Monte Negro
Monte Santo
Monte Santo de Minas
Monte Santo do Tocantins
Monte Sião
Monteiro
Monteiro Lobato
Monteirópolis
Montenegro
Montes Altos
Montes Claros
Montes Claros de Goiás
Montevideo
Montezuma
Montividiu
Montividiu do Norte
Morada Nova
Morada Nova de Minas
Moraújo
Moreilândia
Moreira Sales
Moreno
Mormaço
Morpará
Morretes
Morrinhos
Morrinhos
Morrinhos do Sul
Morro Agudo
Morro Agudo de Goiás
Morro Cabeça no Tempo
Morro da Fumaça
Morro da Garça
Morro do Chapéu
Morro do Chapéu do Piauí
Morro do Pilar
Morro Grande
Morro Redondo
Morro Reuter
Morros
Mortugaba
Morungaba
Mossâmedes
Mossoró
Mostardas
Motuca
Moyobamba
Mozarlândia
Muaná
Mucajaí
Mucambo
Mucugê
Muçum
Mucuri
Mucurici
Muitos Capões
Muliterno
Mulungu
Mulungu
Mulungu do Morro
Mundo Novo
Mundo Novo
Mundo Novo
Munhoz
Munhoz de Melo
Muniz Ferreira
Muniz Freire
Muquém de São Francisco
Muqui
Muriaé
Muribeca
Murici
Murici dos Portelas
Muricilândia
Muritiba
Murutinga do Sul
Mutuípe
Mutum
Mutunópolis
Muzambinho
Nacip Raydan
Nantes
Nanuque
Não-Me-Toque
Naque
Narandiba
Natal
Natalândia
Natércia
Natividade
Natividade
Natividade da Serra
Natuba
Nauta
Navegantes
Naviraí
Nazaré
Nazaré
Nazaré da Mata
Nazaré do Piauí
Nazaré Paulista
Nazareno
Nazarezinho
Nazária
Nazário
Neópolis
Nepomuceno
Nerópolis
Neves Paulista
Nhamundá
Nhandeara
Nicolau Vergueiro
Nilo Peçanha
Nilópolis
Nina Rodrigues
Ninheira
Nioaque
Nipoã
Niquelândia
Nísia Floresta
Niterói
Nobres
Nonoai
Nordestina
Normandia
Nortelândia
Nossa Senhora Aparecida
Nossa Senhora da Glória
Nossa Senhora das Dores
Nossa Senhora das Graças
Nossa Senhora de Lourdes
Nossa Senhora de Nazaré
Nossa Senhora do Livramento
Nossa Senhora do Socorro
Nossa Senhora dos Remédios
Nova Aliança
Nova Aliança do Ivaí
Nova Alvorada
Nova Alvorada do Sul
Nova América
Nova América da Colina
Nova Andradina
Nova Araçá
Nova Aurora
Nova Aurora
Nova Bandeirantes
Nova Bassano
Nova Belém
Nova Boa Vista
Nova Brasilândia
Nova Brasilândia D'Oeste
Nova Bréscia
Nova Campina
Nova Canaã
Nova Canaã do Norte
Nova Canaã Paulista
Nova Candelária
Nova Cantu
Nova Castilho
Nova Colinas
Nova Crixás
Nova Cruz
Nova Era
Nova Erechim
Nova Esperança
Nova Esperança do Piriá
Nova Esperança do Sudoeste
Nova Esperança do Sul
Nova Europa
Nova Fátima
Nova Fátima
Nova Floresta
Nova Friburgo
Nova Glória
Nova Granada
Nova Guarita
Nova Guataporanga
Nova Hartz
Nova Ibiá
Nova Iguaçu
Nova Iguaçu de Goiás
Nova Independência
Nova Iorque
Nova Ipixuna
Nova Itaberaba
Nova Itarana
Nova Lacerda
Nova Laranjeiras
Nova Lima
Nova Londrina
Nova Luzitânia
Nova Mamoré
Nova Marilândia
Nova Maringá
Nova Módica
Nova Monte Verde
Nova Mutum
Nova Nazaré
Nova Odessa
Nova Olímpia
Nova Olímpia
Nova Olinda
Nova Olinda
Nova Olinda
Nova Olinda do Maranhão
Nova Olinda do Norte
Nova Pádua
Nova Palma
Nova Palmeira
Nova Petrópolis
Nova Ponte
Nova Porteirinha
Nova Prata
Nova Prata do Iguaçu
Nova Ramada
Nova Redenção
Nova Resende
Nova Roma
Nova Roma do Sul
Nova Rosalândia
Nova Russas
Nova Santa Bárbara
Nova Santa Helena
Nova Santa Rita
Nova Santa Rita
Nova Santa Rosa
Nova Serrana
Nova Soure
Nova Tebas
Nova Timboteua
Nova Trento
Nova Ubiratã
Nova União
Nova União
Nova Venécia
Nova Veneza
Nova Veneza
Nova Viçosa
Nova Xavantina
Novais
Novo Acordo
Novo Airão
Novo Alegre
Novo Aripuanã
Novo Barreiro
Novo Brasil
Novo Cabrais
Novo Cruzeiro
Novo Gama
Novo Hamburgo
Novo Horizonte
Novo Horizonte
Novo Horizonte
Novo Horizonte do Norte
Novo Horizonte do Oeste
Novo Horizonte do Sul
Novo Itacolomi
Novo Jardim
Novo Lino
Novo Machado
Novo Mundo
Novo Oriente
Novo Oriente de Minas
Novo Oriente do Piauí
Novo Planalto
Novo Progresso
Novo Repartimento
Novo Santo Antônio
Novo Santo Antônio
Novo São Joaquim
Novo Tiradentes
Novo Triunfo
Novo Xingu
Novorizonte
Nueva Germania
Nueva Italia
Nuporanga
Óbidos
Ocara
Ocauçu
Oeiras
Oeiras do Pará
Oiapoque
Olaria
Óleo
Olho d'Água
Olho d'Água das Cunhãs
Olho d'Água das Flores
Olho d'Água do Casado
Olho d'Água do Piauí
Olho d'Água Grande
Olho-d'Água do Borges
Olhos-d'Água
Olímpia
Olímpio Noronha
Olinda
Olinda Nova do Maranhão
Olindina
Olivedos
Oliveira
Oliveira de Fátima
Oliveira dos Brejinhos
Oliveira Fortes
Olivença
Onça de Pitangui
Onda Verde
Oratórios
Oriente
Orindiúva
Oriximiná
Orizânia
Orizona
Orlândia
Orleans
Orobó
Orocó
Orós
Ortigueira
Osasco
Oscar Bressane
Osório
Osvaldo Cruz
Otacílio Costa
Ourém
Ouriçangas
Ouricuri
Ourilândia do Norte
Ourinhos
Ourizona
Ouro
Ouro Branco
Ouro Branco
Ouro Branco
Ouro Fino
Ouro Preto
Ouro Preto do Oeste
Ouro Velho
Ouro Verde
Ouro Verde
Ouro Verde de Goiás
Ouro Verde de Minas
Ouro Verde do Oeste
Ouroeste
Ourolândia
Ouvidor
Oxapampa
Pacaembu
Pacajá
Pacajus
Pacaraima
Pacatuba
Pacatuba
Paço do Lumiar
Pacoti
Pacujá
Padre Bernardo
Padre Carvalho
Padre Marcos
Padre Paraíso
Paes Landim
Pai Pedro
Paial
Paiçandu
Paim Filho
Paineiras
Painel
Pains
Paiva
Pajeú do Piauí
Palestina
Palestina
Palestina de Goiás
Palestina do Pará
Palhano
Palhoça
Palma
Palma Sola
Palmácia
Palmares
Palmares do Sul
Palmares Paulista
Palmas
Palmas de Monte Alto
Palmeira
Palmeira
Palmeira das Missões
Palmeira do Piauí
Palmeira d'Oeste
Palmeira dos Índios
Palmeirais
Palmeirândia
Palmeirante
Palmeiras
Palmeiras de Goiás
Palmeiras do Tocantins
Palmeirina
Palmeirópolis
Palmelo
Palminópolis
Palmital
Palmital
Palmitinho
Palmitos
Palmópolis
Palotina
Panamá
Panambi
Panao
Pancas
Panelas
Panorama
Pantano Grande
Pão de Açúcar
Papagaios
Papaichton
Papanduva
Paquetá
Pará de Minas
Paracambi
Paracatu
Paracuru
Paragominas
Paraguaçu
Paraguaçu Paulista
Paraguari
Paraí
Paraíba do Sul
Paraibano
Paraibuna
Paraipaba
Paraíso
Paraíso
Paraíso das Águas
Paraíso do Norte
Paraíso do Sul
Paraíso do Tocantins
Paraisópolis
Paramaribo
Parambu
Paramirim
Paramoti
Paraná
Paranã
Paranacity
Paranaguá
Paranaíba
Paranaiguara
Paranaíta
Paranapanema
Paranapoema
Paranapuã
Paranatama
Paranatinga
Paranavaí
Paranhos
Paraopeba
Parapuã
Parari
Parati
Paratinga
Paraú
Parauapebas
Paraúna
Parazinho
Pardinho
Pareci Novo
Parecis
Parelhas
Pariconha
Parintins
Paripiranga
Paripueira
Pariquera-Açu
Parisi
Parnaguá
Parnaíba
Parnamirim
Parnamirim
Parnarama
Parobé
Paso de los Libres
Paso de Patria
Passa e Fica
Passa Quatro
Passa Sete
Passa Tempo
Passabém
Passagem
Passagem
Passagem Franca
Passagem Franca do Piauí
Passa-Vinte
Passira
Passo de Camaragibe
Passo de Torres
Passo do Sobrado
Passo Fundo
Passos
Passos Maia
Pastos Bons
Patis
Pato Bragado
Pato Branco
Patos
Patos de Minas
Patos do Piauí
Patrocínio
Patrocínio do Muriaé
Patrocínio Paulista
Patu
Paty do Alferes
Pau Brasil
Pau D'Arco
Pau D'Arco
Pau D'Arco do Piauí
Pau dos Ferros
Paudalho
Pauini
Paula Cândido
Paula Freitas
Paulicéia
Paulínia
Paulino Neves
Paulista
Paulista
Paulistana
Paulistânia
Paulistas
Paulo Afonso
Paulo Bento
Paulo de Faria
Paulo Frontin
Paulo Jacinto
Paulo Lopes
Paulo Ramos
Pavão
Paverama
Pavussu
Pé de Serra
Peabiru
Peçanha
Pederneiras
Pedra
Pedra Azul
Pedra Bela
Pedra Bonita
Pedra Branca
Pedra Branca
Pedra Branca do Amapari
Pedra do Anta
Pedra do Indaiá
Pedra Dourada
Pedra Grande
Pedra Lavrada
Pedra Mole
Pedra Preta
Pedra Preta
Pedralva
Pedranópolis
Pedrão
Pedras Altas
Pedras de Fogo
Pedras de Maria da Cruz
Pedras Grandes
Pedregulho
Pedreira
Pedreiras
Pedrinhas
Pedrinhas Paulista
Pedrinópolis
Pedro Afonso
Pedro Alexandre
Pedro Avelino
Pedro Canário
Pedro de Toledo
Pedro do Rosário
Pedro Gomes
Pedro II
Pedro Juan Caballero
Pedro Laurentino
Pedro Leopoldo
Pedro Osório
Pedro Régis
Pedro Teixeira
Pedro Velho
Peixe
Peixe-Boi
Peixoto de Azevedo
Pejuçara
Pelotas
Penaforte
Penalva
Penápolis
Pendências
Penedo
Penha
Pentecoste
Pequeri
Pequi
Pequizeiro
Perdigão
Perdizes
Perdões
Pereira Barreto
Pereiras
Pereiro
Perez Cardoso
Peri Mirim
Periquito
Peritiba
Peritoró
Perobal
Pérola
Pérola d'Oeste
Perolândia
Peruíbe
Pescador
Pescaria Brava
Pesqueira
Petrolândia
Petrolândia
Petrolina
Petrolina de Goiás
Petrópolis
Piaçabuçu
Piacatu
Piancó
Piatã
Piau
Picada Café
Piçarra
Picos
Picuí
Piedade
Piedade de Caratinga
Piedade de Ponte Nova
Piedade do Rio Grande
Piedade dos Gerais
Piên
Pilão Arcado
Pilar
Pilar
Pilar
Pilar de Goiás
Pilar do Sul
Pilões
Pilões
Pilõezinhos
Pimenta
Pimenta Bueno
Pimenteiras
Pimenteiras do Oeste
Pindaí
Pindamonhangaba
Pindaré-Mirim
Pindoba
Pindobaçu
Pindorama
Pindorama do Tocantins
Pindoretama
Pingo-d'Água
Pinhais
Pinhal
Pinhal da Serra
Pinhal de São Bento
Pinhal Grande
Pinhalão
Pinhalzinho
Pinhalzinho
Pinhão
Pinhão
Pinheiral
Pinheirinho do Vale
Pinheiro
Pinheiro Machado
Pinheiro Preto
Pinheiros
Pintadas
Pinto Bandeira
Pintópolis
Pio IX
Pio XII
Piquerobi
Piquet Carneiro
Piquete
Piracaia
Piracanjuba
Piracema
Piracicaba
Piracuruca
Piraí
Piraí do Norte
Piraí do Sul
Piraiyu
Piraju
Pirajuba
Pirajuí
Pirambu
Piranga
Pirangi
Piranguçu
Piranguinho
Piranhas
Piranhas
Pirapemas
Pirapetinga
Pirapó
Pirapora
Pirapora do Bom Jesus
Pirapozinho
Piraquara
Piraquê
Pirassununga
Piratini
Piratininga
Piratuba
Piraúba
Pirenópolis
Pires do Rio
Pires Ferreira
Piribebuy
Piripá
Piripiri
Piritiba
Pirpirituba
Piscobamba
Pitanga
Pitangueiras
Pitangueiras
Pitangui
Pitimbu
Pium
Piúma
Piumhi
Placas
Plácido de Castro
Planaltina
Planaltina do Paraná
Planaltino
Planalto
Planalto
Planalto
Planalto
Planalto Alegre
Planalto da Serra
Planura
Platina
Poá
Poção
Poção de Pedras
Pocinhos
Poço Branco
Poço Dantas
Poço das Antas
Poço das Trincheiras
Poço de José de Moura
Poço Fundo
Poço Redondo
Poço Verde
Poções
Poconé
Poços de Caldas
Pocrane
Pojuca
Poloni
Pomabamba
Pombal
Pombos
Pomerode
Pompéia
Pompéu
Pongaí
Ponta de Pedras
Ponta Grossa
Ponta Porã
Pontal
Pontal do Araguaia
Pontal do Paraná
Pontalina
Pontalinda
Pontão
Ponte Alta
Ponte Alta do Bom Jesus
Ponte Alta do Norte
Ponte Alta do Tocantins
Ponte Branca
Ponte Nova
Ponte Preta
Ponte Serrada
Pontes e Lacerda
Pontes Gestal
Ponto Belo
Ponto Chique
Ponto dos Volantes
Ponto Inírida
Ponto Novo
Populina
Poranga
Porangaba
Porangatu
Porciúncula
Porecatu
Portalegre
Portão
Porteirão
Porteiras
Porteirinha
Portel
Portelândia
Porto
Porto Acre
Porto Alegre
Porto Alegre do Norte
Porto Alegre do Piauí
Porto Alegre do Tocantins
Porto Amazonas
Porto Barreiro
Porto Belo
Porto Calvo
Porto da Folha
Porto de Moz
Porto de Pedras
Porto do Mangue
Porto dos Gaúchos
Porto Esperidião
Porto Estrela
Porto Feliz
Porto Ferreira
Porto Firme
Porto Franco
Porto Grande
Porto Lucena
Porto Mauá
Porto Murtinho
Porto Nacional
Porto Real
Porto Real do Colégio
Porto Rico
Porto Rico do Maranhão
Porto Seguro
Porto União
Porto Velho
Porto Vera Cruz
Porto Vitória
Porto Walter
Porto Xavier
Porvenir
Posadas
Posse
Poté
Potengi
Potim
Potiraguá
Potirendaba
Potiretama
Pouso Alegre
Pouso Alto
Pouso Novo
Pouso Redondo
Poxoréo
Pozo Colorado
Pracinha
Pracuúba
Prado
Prado Ferreira
Pradópolis
Prados
Praia Grande
Praia Grande
Praia Norte
Prainha
Pranchita
Prata
Prata
Prata do Piauí
Pratânia
Pratápolis
Pratinha
Presidente Alves
Presidente Bernardes
Presidente Bernardes
Presidente Castello Branco
Presidente Castelo Branco
Presidente Dutra
Presidente Dutra
Presidente Epitácio
Presidente Figueiredo
Presidente Getúlio
Presidente Jânio Quadros
Presidente Juscelino
Presidente Juscelino
Presidente Kennedy
Presidente Kennedy
Presidente Kubitschek
Presidente Lucena
Presidente Médici
Presidente Médici
Presidente Nereu
Presidente Olegário
Presidente Prudente
Presidente Sarney
Presidente Tancredo Neves
Presidente Vargas
Presidente Venceslau
Prezidencia de La Plaza
Primavera
Primavera
Primavera de Rondônia
Primavera do Leste
Primeira Cruz
Primeiro de Maio
Princesa
Princesa Isabel
Professor Jamil
Progresso
Promissão
Propriá
Protásio Alves
Prudente de Morais
Prudentópolis
Pucallpa
Puerto Gonçalo Moreno
Puerto Iguazú
Puerto Lavalle
Puerto Pinasco
Puerto Rico
Pugmil
Pureza
Putinga
Puxinanã
Quadra
Quaraí
Quartel Geral
Quarto Centenário
Quatá
Quatiguá
Quatipuru
Quatis
Quatro Barras
Quatro Irmãos
Quatro Pontes
Quebrangulo
Quedas do Iguaçu
Queimada Nova
Queimadas
Queimadas
Queimados
Queiroz
Queluz
Queluzito
Querência
Querência do Norte
Quevedos
Quijingue
Quilombo
Quindy
Quinta do Sol
Quintana
Quinze de Novembro
Quipapá
Quirinópolis
Quissamã
Quitandinha
Quiterianópolis
Quito
Quixaba
Quixabá
Quixabeira
Quixadá
Quixelô
Quixeramobim
Quixeré
Quyquyó
Rafael Fernandes
Rafael Godeiro
Rafael Jambeiro
Rafard
Ramilândia
Rancharia
Rancho Alegre
Rancho Alegre D'Oeste
Rancho Queimado
Raposa
Raposos
Raul Soares
Realeza
Rebouças
Recife
Reconquista
Recreio
Recuay
Recursolândia
Redenção
Redenção
Redenção da Serra
Redenção do Gurguéia
Redentora
Reduto
Regeneração
Regente Feijó
Reginópolis
Registro
Relvado
Remanso
Remígio
Renascença
Requena
Reriutaba
Resende
Resende Costa
Reserva
Reserva do Cabaçal
Reserva do Iguaçu
Resistência
Resplendor
Ressaquinha
Restinga
Restinga Seca
Retirolândia
Riachão
Riachão
Riachão das Neves
Riachão do Bacamarte
Riachão do Dantas
Riachão do Jacuípe
Riachão do Poço
Riachinho
Riachinho
Riacho da Cruz
Riacho das Almas
Riacho de Santana
Riacho de Santana
Riacho de Santo Antônio
Riacho dos Cavalos
Riacho dos Machados
Riacho Frio
Riachuelo
Riachuelo
Rialma
Rianápolis
Ribamar Fiquene
Ribas do Rio Pardo
Ribeira
Ribeira do Amparo
Ribeira do Piauí
Ribeira do Pombal
Ribeirão
Ribeirão Bonito
Ribeirão Branco
Ribeirão Cascalheira
Ribeirão Claro
Ribeirão Corrente
Ribeirão das Neves
Ribeirão do Largo
Ribeirão do Pinhal
Ribeirão do Sul
Ribeirão dos Índios
Ribeirão Grande
Ribeirão Pires
Ribeirão Preto
Ribeirão Vermelho
Ribeirãozinho
Ribeiro Gonçalves
Ribeirópolis
Riberalta
Rifaina
Rincão
Rincón
Rinópolis
Rio Acima
Rio Azul
Rio Bananal
Rio Bom
Rio Bonito
Rio Bonito do Iguaçu
Rio Branco
Rio Branco
Rio Branco
Rio Branco do Ivaí
Rio Branco do Sul
Rio Brilhante
Rio Casca
Rio Claro
Rio Claro
Rio Crespo
Rio da Conceição
Rio das Antas
Rio das Flores
Rio das Ostras
Rio das Pedras
Rio de Contas
Rio de Janeiro
Rio do Antônio
Rio do Campo
Rio do Fogo
Rio do Oeste
Rio do Pires
Rio do Prado
Rio do Sul
Rio Doce
Rio dos Bois
Rio dos Cedros
Rio dos Índios
Rio Espera
Rio Formoso
Rio Fortuna
Rio Grande
Rio Grande da Serra
Rio Grande do Piauí
Rio Largo
Rio Manso
Rio Maria
Rio Negrinho
Rio Negro
Rio Negro
Rio Negro
Rio Novo
Rio Novo do Sul
Rio Paranaíba
Rio Pardo
Rio Pardo de Minas
Rio Piracicaba
Rio Pomba
Rio Preto
Rio Preto da Eva
Rio Quente
Rio Real
Rio Rufino
Rio Sono
Rio Tinto
Rio Verde
Rio Verde de Mato Grosso
Rio Vermelho
Rioja
Riolândia
Riozinho
Riqueza
Ritápolis
Rivera
Riversul
Robore
Roca Sales
Rochedo
Rochedo de Minas
Rodeio
Rodeio Bonito
Rodeiro
Rodelas
Rodolfo Fernandes
Rodrigues Alves
Rolador
Rolândia
Rolante
Rolim de Moura
Romaria
Romelândia
Roncador
Ronda Alta
Rondinha
Rondolândia
Rondon
Rondon do Pará
Rondonópolis
Roque Gonzales
Rorainópolis
Rosana
Rosário
Rosário
Rosário da Limeira
Rosário do Catete
Rosário do Ivaí
Rosário do Sul
Rosário Oeste
Roseira
Roteiro
Rubelita
Rubiácea
Rubiataba
Rubim
Rubinéia
Rurópolis
Russas
Ruy Barbosa
Ruy Barbosa
Sabará
Sabáudia
Sabino
Sabinópolis
Saboeiro
Sacramento
Sagrada Família
Sagres
Saint-Georges
Sairé
Saladas
Saldanha Marinho
Sales
Sales Oliveira
Salesópolis
Salete
Salgadinho
Salgadinho
Salgado
Salgado de São Félix
Salgado Filho
Salgueiro
Salinas
Salinas da Margarida
Salinópolis
Salitre
Salmourão
Saloá
Saltinho
Saltinho
Salto
Salto
Salto da Divisa
Salto de Pirapora
Salto del Guaíra
Salto do Céu
Salto do Itararé
Salto do Jacuí
Salto do Lontra
Salto Grande
Salto Veloso
Salvador
Salvador das Missões
Salvador do Sul
Salvaterra
Sambaíba
Sampaio
San Andres
San Carlos de Rio Negro
San Cosme y Damian
San Estanislao
San Felipe
San Ignacio
San Javier
San Javier
San Joaquim
San Joaquín
San José
San José
San José de Feliciano
San José del Rosario
San Juan Bautista
San Juan Neembucu
San Juan Nepomuceno
San Lorenzo
San Luis
San Luis Al Medio
San Luis del Palmar
San Miguel
San Patricio
San Pedro
San Ranon
San Roque
Sananduva
Sanclerlândia
Sandolândia
Sandovalina
Sangão
Sanharó
Santa Adélia
Santa Albertina
Santa Amélia
Santa Ana
Santa Ana
Santa Bárbara
Santa Bárbara
Santa Bárbara de Goiás
Santa Bárbara do Leste
Santa Bárbara do Monte Verde
Santa Bárbara do Pará
Santa Bárbara do Sul
Santa Bárbara do Tugúrio
Santa Barbara d'Oeste
Santa Branca
Santa Brígida
Santa Carmem
Santa Cecília
Santa Cecília
Santa Cecília do Pavão
Santa Cecília do Sul
Santa Clara do Sul
Santa Clara d'Oeste
Santa Cruz
Santa Cruz
Santa Cruz
Santa Cruz Cabrália
Santa Cruz da Baixa Verde
Santa Cruz da Conceição
Santa Cruz da Esperança
Santa Cruz da Vitória
Santa Cruz das Palmeiras
Santa Cruz de Goiás
Santa Cruz de Minas
Santa Cruz de Monte Castelo
Santa Cruz de Salinas
Santa Cruz do Arari
Santa Cruz do Capibaribe
Santa Cruz do Escalvado
Santa Cruz do Piauí
Santa Cruz do Rio Pardo
Santa Cruz do Sul
Santa Cruz do Xingu
Santa Cruz dos Milagres
Santa Efigênia de Minas
Santa Ernestina
Santa Fé
Santa Fé de Goiás
Santa Fé de Minas
Santa Fé do Araguaia
Santa Fé do Sul
Santa Filomena
Santa Filomena
Santa Filomena do Maranhão
Santa Gertrudes
Santa Helena
Santa Helena
Santa Helena
Santa Helena
Santa Helena de Goiás
Santa Helena de Minas
Santa Inês
Santa Inês
Santa Inês
Santa Inês
Santa Isabel
Santa Isabel
Santa Isabel do Ivaí
Santa Isabel do Pará
Santa Isabel do Rio Negro
Santa Izabel do Oeste
Santa Juliana
Santa Leopoldina
Santa Lúcia
Santa Lúcia
Santa Luz
Santa Luzia
Santa Luzia
Santa Luzia
Santa Luzia
Santa Luzia do Itanhy
Santa Luzia do Norte
Santa Luzia do Pará
Santa Luzia do Paruá
Santa Luzia D'Oeste
Santa Margarida
Santa Margarida do Sul
Santa Maria
Santa Maria
Santa Maria
Santa Maria da Boa Vista
Santa Maria da Serra
Santa Maria da Vitória
Santa Maria das Barreiras
Santa Maria de Itabira
Santa Maria de Jetibá
Santa María del Nieva
Santa Maria do Cambucá
Santa Maria do Herval
Santa Maria do Oeste
Santa Maria do Pará
Santa Maria do Salto
Santa Maria do Suaçuí
Santa Maria do Tocantins
Santa Maria Madalena
Santa Mariana
Santa Mercedes
Santa Mônica
Santa Quitéria
Santa Quitéria do Maranhão
Santa Rita
Santa Rita
Santa Rita de Caldas
Santa Rita de Cássia
Santa Rita de Ibitipoca
Santa Rita de Jacutinga
Santa Rita de Minas
Santa Rita do Araguaia
Santa Rita do Itueto
Santa Rita do Novo Destino
Santa Rita do Pardo
Santa Rita do Passa Quatro
Santa Rita do Sapucaí
Santa Rita do Tocantins
Santa Rita do Trivelato
Santa Rita d'Oeste
Santa Rosa
Santa Rosa
Santa Rosa da Serra
Santa Rosa de Goiás
Santa Rosa de Lima
Santa Rosa de Lima
Santa Rosa de Viterbo
Santa Rosa do Piauí
Santa Rosa do Purus
Santa Rosa do Sul
Santa Rosa do Tocantins
Santa Salete
Santa Teresa
Santa Teresinha
Santa Teresinha
Santa Tereza
Santa Tereza de Goiás
Santa Tereza do Oeste
Santa Tereza do Tocantins
Santa Terezinha
Santa Terezinha
Santa Terezinha
Santa Terezinha de Goiás
Santa Terezinha de Itaipu
Santa Terezinha do Progresso
Santa Terezinha do Tocantins
Santa Vitória
Santa Vitória do Palmar
Santaluz
Santana
Santana
Santana da Boa Vista
Santana da Ponte Pensa
Santana da Vargem
Santana de Cataguases
Santana de Mangueira
Santana de Parnaíba
Santana de Pirapama
Santana do Acaraú
Santana do Araguaia
Santana do Cariri
Santana do Deserto
Santana do Garambéu
Santana do Ipanema
Santana do Itararé
Santana do Jacaré
Sant'Ana do Livramento
Santana do Manhuaçu
Santana do Maranhão
Santana do Matos
Santana do Mundaú
Santana do Paraíso
Santana do Piauí
Santana do Riacho
Santana do São Francisco
Santana do Seridó
Santana dos Garrotes
Santana dos Montes
Santanópolis
Santarém
Santarém
Santarém Novo
Santiago
Santiago
Santiago
Santiago do Sul
Santo Afonso
Santo Amaro
Santo Amaro da Imperatriz
Santo Amaro das Brotas
Santo Amaro do Maranhão
Santo Anastácio
Santo André
Santo André
Santo Ângelo
Santo Antônio
Santo Antônio da Alegria
Santo Antônio da Barra
Santo Antônio da Patrulha
Santo Antônio da Platina
Santo Antônio das Missões
Santo Antônio de Goiás
Santo Antônio de Jesus
Santo Antônio de Lisboa
Santo Antônio de Pádua
Santo Antônio de Posse
Santo Antônio do Amparo
Santo Antônio do Aracanguá
Santo Antônio do Aventureiro
Santo Antônio do Caiuá
Santo Antônio do Descoberto
Santo Antônio do Grama
Santo Antônio do Içá
Santo Antônio do Itambé
Santo Antônio do Jacinto
Santo Antônio do Jardim
Santo Antônio do Leste
Santo Antônio do Leverger
Santo Antônio do Monte
Santo Antônio do Palma
Santo Antônio do Paraíso
Santo Antônio do Pinhal
Santo Antônio do Planalto
Santo Antônio do Retiro
Santo Antônio do Rio Abaixo
Santo Antônio do Sudoeste
Santo Antônio do Tauá
Santo Antônio dos Lopes
Santo Antônio dos Milagres
Santo Augusto
Santo Cristo
Santo Estêvão
Santo Expedito
Santo Expedito do Sul
Santo Hipólito
Santo Inácio
Santo Inácio do Piauí
Santo Tomé
Santópolis do Aguapeí
Santos
Santos Dumont
São Benedito
São Benedito do Rio Preto
São Benedito do Sul
São Bentinho
São Bento
São Bento
São Bento Abade
São Bento do Norte
São Bento do Sapucaí
São Bento do Sul
São Bento do Tocantins
São Bento do Trairí
São Bento do Una
São Bernardino
São Bernardo
São Bernardo do Campo
São Bonifácio
São Borja
São Brás
São Brás do Suaçuí
São Braz do Piauí
São Caetano de Odivelas
São Caetano do Sul
São Caitano
São Carlos
São Carlos
São Carlos do Ivaí
São Cristóvão
São Cristovão do Sul
São Desidério
São Domingos
São Domingos
São Domingos
São Domingos
São Domingos
São Domingos das Dores
São Domingos do Araguaia
São Domingos do Azeitão
São Domingos do Capim
São Domingos do Cariri
São Domingos do Maranhão
São Domingos do Norte
São Domingos do Prata
São Domingos do Sul
São Felipe
São Felipe D'Oeste
São Félix
São Félix de Balsas
São Félix de Minas
São Félix do Araguaia
São Félix do Coribe
São Félix do Piauí
São Félix do Tocantins
São Félix do Xingu
São Fernando
São Fidélis
São Francisco
São Francisco
São Francisco
São Francisco
São Francisco de Assis
São Francisco de Assis do Piauí
São Francisco de Goiás
São Francisco de Itabapoana
São Francisco de Paula
São Francisco de Paula
São Francisco de Sales
São Francisco do Brejão
São Francisco do Conde
São Francisco do Glória
São Francisco do Guaporé
São Francisco do Maranhão
São Francisco do Oeste
São Francisco do Pará
São Francisco do Piauí
São Francisco do Sul
São Gabriel
São Gabriel
São Gabriel da Cachoeira
São Gabriel da Palha
São Gabriel do Oeste
São Geraldo
São Geraldo da Piedade
São Geraldo do Araguaia
São Geraldo do Baixio
São Gonçalo
São Gonçalo do Abaeté
São Gonçalo do Amarante
São Gonçalo do Amarante
São Gonçalo do Gurguéia
São Gonçalo do Pará
São Gonçalo do Piauí
São Gonçalo do Rio Abaixo
São Gonçalo do Rio Preto
São Gonçalo do Sapucaí
São Gonçalo dos Campos
São Gotardo
São Jerônimo
São Jerônimo da Serra
São João
São João
São João Batista
São João Batista
São João Batista do Glória
São João da Baliza
São João da Barra
São João da Boa Vista
São João da Canabrava
São João da Fronteira
São João da Lagoa
São João da Mata
São João da Paraúna
São João da Ponta
São João da Ponte
São João da Serra
São João da Urtiga
São João da Varjota
São João d'Aliança
São João das Duas Pontes
São João das Missões
São João de Iracema
São João de Meriti
São João de Pirabas
São João del Rei
São João do Araguaia
São João do Arraial
São João do Caiuá
São João do Cariri
São João do Carú
São João do Itaperiú
São João do Ivaí
São João do Jaguaribe
São João do Manhuaçu
São João do Manteninha
São João do Oeste
São João do Oriente
São João do Pacuí
São João do Paraíso
São João do Paraíso
São João do Pau d'Alho
São João do Piauí
São João do Polêsine
São João do Rio do Peixe
São João do Sabugi
São João do Soter
São João do Sul
São João do Tigre
São João do Triunfo
São João dos Patos
São João Evangelista
São João Nepomuceno
São Joaquim
São Joaquim da Barra
São Joaquim de Bicas
São Joaquim do Monte
São Jorge
São Jorge do Ivaí
São Jorge do Patrocínio
São Jorge d'Oeste
São José
São José da Barra
São José da Bela Vista
São José da Boa Vista
São José da Coroa Grande
São José da Lagoa Tapada
São José da Laje
São José da Lapa
São José da Safira
São José da Tapera
São José da Varginha
São José da Vitória
São José das Missões
São José das Palmeiras
São José de Caiana
São José de Espinharas
São José de Mipibu
São José de Piranhas
São José de Princesa
São José de Ribamar
São José de Ubá
São José do Alegre
São José do Barreiro
São José do Belmonte
São José do Bonfim
São José do Brejo do Cruz
São José do Calçado
São José do Campestre
São José do Cedro
São José do Cerrito
São José do Divino
São José do Divino
São José do Egito
São José do Goiabal
São José do Herval
São José do Hortêncio
São José do Inhacorá
São José do Jacuípe
São José do Jacuri
São José do Mantimento
São José do Norte
São José do Ouro
São José do Peixe
São José do Piauí
São José do Povo
São José do Rio Claro
São José do Rio Pardo
São José do Rio Preto
São José do Sabugi
São José do Seridó
São José do Sul
São José do Vale do Rio Preto
São José do Xingu
São José dos Ausentes
São José dos Basílios
São José dos Campos
São José dos Cordeiros
São José dos Pinhais
São José dos Quatro Marcos
São José dos Ramos
São Julião
São Leopoldo
São Lourenço
São Lourenço da Mata
São Lourenço da Serra
São Lourenço do Oeste
São Lourenço do Piauí
São Lourenço do Sul
São Ludgero
São Luís
São Luís de Montes Belos
São Luís do Curu
São Luís do Paraitinga
São Luis do Piauí
São Luís do Quitunde
São Luís Gonzaga do Maranhão
São Luiz
São Luíz do Norte
São Luiz Gonzaga
São Mamede
São Manoel do Paraná
São Manuel
São Marcos
São Martinho
São Martinho
São Martinho da Serra
São Mateus
São Mateus do Maranhão
São Mateus do Sul
São Miguel
São Miguel Arcanjo
São Miguel da Baixa Grande
São Miguel da Boa Vista
São Miguel das Matas
São Miguel das Missões
São Miguel de Taipu
São Miguel do Aleixo
São Miguel do Anta
São Miguel do Araguaia
São Miguel do Fidalgo
São Miguel do Gostoso
São Miguel do Guamá
São Miguel do Guaporé
São Miguel do Iguaçu
São Miguel do Oeste
São Miguel do Passa Quatro
São Miguel do Tapuio
São Miguel do Tocantins
São Miguel dos Campos
São Miguel dos Milagres
São Nicolau
São Patrício
São Paulo
São Paulo das Missões
São Paulo de Olivença
São Paulo do Potengi
São Pedro
São Pedro
São Pedro da Água Branca
São Pedro da Aldeia
São Pedro da Cipa
São Pedro da Serra
São Pedro da União
São Pedro das Missões
São Pedro de Alcântara
São Pedro do Butiá
São Pedro do Iguaçu
São Pedro do Ivaí
São Pedro do Paraná
São Pedro do Piauí
São Pedro do Suaçuí
São Pedro do Sul
São Pedro do Turvo
São Pedro dos Crentes
São Pedro dos Ferros
São Rafael
São Raimundo das Mangabeiras
São Raimundo do Doca Bezerra
São Raimundo Nonato
São Roberto
São Romão
São Roque
São Roque de Minas
São Roque do Canaã
São Salvador do Tocantins
São Sebastião
São Sebastião
São Sebastião da Amoreira
São Sebastião da Bela Vista
São Sebastião da Boa Vista
São Sebastião da Grama
São Sebastião da Vargem Alegre
São Sebastião de Lagoa de Roça
São Sebastião do Alto
São Sebastião do Anta
São Sebastião do Caí
São Sebastião do Maranhão
São Sebastião do Oeste
São Sebastião do Paraíso
São Sebastião do Passé
São Sebastião do Rio Preto
São Sebastião do Rio Verde
São Sebastião do Tocantins
São Sebastião do Uatumã
São Sebastião do Umbuzeiro
São Sepé
São Simão
São Simão
São Thomé das Letras
São Tiago
São Tomás de Aquino
São Tomé
São Tomé
São Valentim
São Valentim do Sul
São Valério da Natividade
São Valério do Sul
São Vendelino
São Vicente
São Vicente
São Vicente de Minas
São Vicente do Seridó
São Vicente do Sul
São Vicente Ferrer
São Vicente Ferrer
Sapé
Sapeaçu
Sapezal
Sapiranga
Sapopema
Saposoa
Sapucaia
Sapucaia
Sapucaia do Sul
Sapucaí-Mirim
Saquarema
Sarandi
Sarandi
Sarapuí
Sardoá
Sarutaiá
Sarzedo
Satipo
Sátiro Dias
Satuba
Satubinha
Saubara
Sauce
Saudade do Iguaçu
Saudades
Saúde
Saul
Schroeder
Seabra
Seara
Sebastianópolis do Sul
Sebastião Barros
Sebastião Laranjeiras
Sebastião Leal
Seberi
Sede Nova
Segredo
Selbach
Selvíria
Sem-Peixe
Sena Madureira
Senador Alexandre Costa
Senador Amaral
Senador Canedo
Senador Cortes
Senador Elói de Souza
Senador Firmino
Senador Georgino Avelino
Senador Guiomard
Senador José Bento
Senador José Porfírio
Senador La Rocque
Senador Modestino Gonçalves
Senador Pompeu
Senador Rui Palmeira
Senador Sá
Senador Salgado Filho
Sengés
Senhor do Bonfim
Senhora de Oliveira
Senhora do Porto
Senhora dos Remédios
Sentinela do Sul
Sento Sé
Serafina Corrêa
Sericita
Seringueiras
Sério
Seritinga
Seropédica
Serra
Serra Alta
Serra Azul
Serra Azul de Minas
Serra Branca
Serra Caiada
Serra da Raiz
Serra da Saudade
Serra de São Bento
Serra do Mel
Serra do Navio
Serra do Ramalho
Serra do Salitre
Serra dos Aimorés
Serra Dourada
Serra Grande
Serra Negra
Serra Negra do Norte
Serra Nova Dourada
Serra Preta
Serra Redonda
Serra Talhada
Serrana
Serrania
Serrano do Maranhão
Serranópolis
Serranópolis de Minas
Serranópolis do Iguaçu
Serranos
Serraria
Serrinha
Serrinha
Serrinha dos Pintos
Serrita
Serro
Serrolândia
Sertaneja
Sertânia
Sertanópolis
Sertão
Sertão Santana
Sertãozinho
Sertãozinho
Sete Barras
Sete de Setembro
Sete Lagoas
Sete Quedas
Setubinha
Severiano de Almeida
Severiano Melo
Severínia
Siderópolis
Sidrolândia
Sigefredo Pacheco
Sihuas
Silva Jardim
Silvânia
Silvanópolis
Silveira Martins
Silveirânia
Silveiras
Silves
Silvianópolis
Simão Dias
Simão Pereira
Simões
Simões Filho
Simolândia
Simonésia
Simplício Mendes
Sinimbu
Sinop
Siqueira Campos
Sirinhaém
Siriri
Sítio d'Abadia
Sítio do Mato
Sítio do Quinto
Sítio Novo
Sítio Novo
Sítio Novo do Tocantins
Sn. Ignácio de Moxo
Sobradinho
Sobradinho
Sobrado
Sobral
Sobrália
Socorro
Socorro do Piauí
Solânea
Soledade
Soledade
Soledade de Minas
Solidão
Solonópole
Sombrio
Sonora
Sooretama
Sorocaba
Sorriso
Sossêgo
Soure
Sousa
Souto Soares
Sucupira
Sucupira do Norte
Sucupira do Riachão
Sud Mennucci
Sul Brasil
Sulina
Sumaré
Sumé
Sumidouro
Surubim
Sussuapara
Suzanápolis
Suzano
Tabaí
Tabaporã
Tabapuã
Tabatinga
Tabatinga
Tabira
Taboão da Serra
Tabocas do Brejo Velho
Taboleiro Grande
Tabuleiro
Tabuleiro do Norte
Tacaimbó
Tacaratu
Taciba
Tacima
Tacuaras
Tacuarembó
Tacuatí
Tacuru
Taguaí
Taguatinga
Taiaçu
Tailândia
Taió
Taiobeiras
Taipas do Tocantins
Taipu
Taiúva
Talismã
Tamandaré
Tamarana
Tambaú
Tamboara
Tamboril
Tamboril do Piauí
Tanabi
Tangará
Tangará
Tangará da Serra
Tanguá
Tanhaçu
Tanque d'Arca
Tanque do Piauí
Tanque Novo
Tanquinho
Taparuba
Tapauá
Tapejara
Tapejara
Tapera
Taperoá
Taperoá
Tapes
Tapira
Tapira
Tapiraí
Tapiraí
Tapiramutá
Tapiratiba
Tapurah
Taquara
Taquaraçu de Minas
Taquaral
Taquaral de Goiás
Taquarana
Taquari
Taquaritinga
Taquaritinga do Norte
Taquarituba
Taquarivaí
Taquaruçu do Sul
Taquarussu
Tarabai
Tarapoto
Tarauacá
Tarma
Tarrafas
Tartarugalzinho
Tarumã
Tarumirim
Tasso Fragoso
Tatuí
Tauá
Taubaté
Tavares
Tavares
Tayabamba
Tayaí
Tefé
Teixeira
Teixeira de Freitas
Teixeira Soares
Teixeiras
Teixeirópolis
Tejuçuoca
Tejupá
Telêmaco Borba
Telha
Tenente Ananias
Tenente Laurentino Cruz
Tenente Portela
Tenório
Teodoro Sampaio
Teodoro Sampaio
Teofilândia
Teófilo Otoni
Teolândia
Teotônio Vilela
Terenos
Teresina
Teresina de Goiás
Teresópolis
Terezinha
Terezópolis de Goiás
Terra Alta
Terra Boa
Terra de Areia
Terra Nova
Terra Nova
Terra Nova do Norte
Terra Rica
Terra Roxa
Terra Roxa
Terra Santa
Tesouro
Teutônia
Theobroma
Tianguá
Tibagi
Tibau
Tibau do Sul
Tietê
Tigrinhos
Tijucas
Tijucas do Sul
Timbaúba
Timbaúba dos Batistas
Timbé do Sul
Timbiras
Timbó
Timbó Grande
Timburi
Timon
Timóteo
Tingo Maria
Tio Hugo
Tiradentes
Tiradentes do Sul
Tiros
Tobatí
Tobias Barreto
Tocantínia
Tocantinópolis
Tocantins
Tocos do Moji
Toledo
Toledo
Tomar do Geru
Tomazina
Tombos
Tomé-Açu
Tonantins
Toritama
Torixoréu
Toropi
Torre de Pedra
Torres
Torrinha
Touros
Trabiju
Tracuateua
Tracunhaém
Traipu
Trairão
Trairi
Trajano de Morais
Tramandaí
Travesseiro
Tremedal
Tremembé
Três Arroios
Três Barras
Três Barras do Paraná
Três Cachoeiras
Três Corações
Três Coroas
Três de Maio
Três Forquilhas
Três Fronteiras
Três Lagoas
Três Marias
Três Palmeiras
Três Passos
Três Pontas
Três Ranchos
Três Rios
Treviso
Treze de Maio
Treze Tílias
Trindade
Trindade
Trindade do Sul
Trinidad
Trinidad
Triunfo
Triunfo
Triunfo
Triunfo Potiguar
Trizidela do Vale
Trombas
Trombudo Central
Tubarão
Tucano
Tucumã
Tucunduva
Tucuruí
Tufilândia
Tuiuti
Tumiritinga
Tunápolis
Tunas
Tunas do Paraná
Tuneiras do Oeste
Tuntum
Tupã
Tupaciguara
Tupanatinga
Tupanci do Sul
Tupanciretã
Tupandi
Tuparendi
Tuparetama
Tupãssi
Tupi Paulista
Tupirama
Tupiratins
Turiaçu
Turilândia
Turiúba
Turmalina
Turmalina
Turuçu
Tururu
Turvânia
Turvelândia
Turvo
Turvo
Turvolândia
Tutóia
Uarini
Uauá
Ubá
Ubaí
Ubaíra
Ubaitaba
Ubajara
Ubaporanga
Ubarana
Ubatã
Ubatuba
Uberaba
Uberlândia
Ubirajara
Ubiratã
Ubiretama
Uchoa
Uibaí
Uiramutã
Uirapuru
Uiraúna
Ulianópolis
Umari
Umarizal
Umbaúba
Umburanas
Umburatiba
Umbuzeiro
Umirim
Umuarama
Una
Unaí
União
União da Serra
União da Vitória
União de Minas
União do Oeste
União do Sul
União dos Palmares
União Paulista
Uniflor
Unión
Unistalda
Upanema
Uraí
Urandi
Urânia
Urbano Santos
Uru
Uruaçu
Uruana
Uruana de Minas
Uruará
Urubici
Uruburetama
Urucânia
Urucará
Uruçuca
Uruçuí
Urucuia
Urucurituba
Uruguaiana
Uruoca
Urupá
Urupema
Urupês
Urussanga
Urutaí
Utinga
Vacaria
Vale de São Domingos
Vale do Anari
Vale do Paraíso
Vale do Sol
Vale Real
Vale Verde
Valença
Valença
Valença do Piauí
Valente
Valentim Gentil
Valinhos
Valparaíso
Valparaíso de Goiás
Vanini
Vargeão
Vargem
Vargem
Vargem Alegre
Vargem Alta
Vargem Bonita
Vargem Bonita
Vargem Grande
Vargem Grande do Rio Pardo
Vargem Grande do Sul
Vargem Grande Paulista
Varginha
Varjão
Varjão de Minas
Varjota
Varre-Sai
Várzea
Várzea
Várzea Alegre
Várzea Branca
Várzea da Palma
Várzea da Roça
Várzea do Poço
Várzea Grande
Várzea Grande
Várzea Nova
Várzea Paulista
Varzedo
Varzelândia
Vassouras
Vazante
Venâncio Aires
Venda Nova do Imigrante
Venha-Ver
Ventania
Venturosa
Vera
Vera Cruz
Vera Cruz
Vera Cruz
Vera Cruz
Vera Cruz do Oeste
Vera Mendes
Veranópolis
Verdejante
Verdelândia
Verê
Vereda
Veredinha
Vergara
Veríssimo
Vermelho Novo
Vertente do Lério
Vertentes
Vespasiano
Vespasiano Correa
Viadutos
Viamão
Viana
Viana
Vianópolis
Vicência
Vicente Dutra
Vicentina
Vicentinópolis
Viçosa
Viçosa
Viçosa
Viçosa do Ceará
Victor Graeff
Vidal Ramos
Videira
Vieiras
Vieirópolis
Vigia
Vila Alta
Vila Bela da Santíssima Trindade
Vila Boa
Vila Flor
Vila Flores
Vila Lângaro
Vila Maria
Vila Nova do Piauí
Vila Nova do Sul
Vila Nova dos Martírios
Vila Pavão
Vila Propício
Vila Rica
Vila Valério
Vila Velha
Vilhena
Villa Ana
Villa Bella
Villa de Jumbilla
Villa Florida
Villa Franca
Villa Hayes
Villa Oliva
Villaguay
Villalbin
Villarrica
Vinhedo
Viradouro
Virgem da Lapa
Virgínia
Virginópolis
Virgolândia
Virmond
Visconde do Rio Branco
Viseu
Vista Alegre
Vista Alegre do Alto
Vista Alegre do Prata
Vista Gaúcha
Vista Serrana
Vitor Meireles
Vitória
Vitória Brasil
Vitória da Conquista
Vitória das Missões
Vitória de Santo Antão
Vitória do Jari
Vitória do Mearim
Vitória do Xingu
Vitorino
Vitorino Freire
Volta Grande
Volta Redonda
Votorantim
Votuporanga
Wagner
Wall Ferraz
Wanderlândia
Wanderley
Wenceslau Braz
Wenceslau Braz
Wenceslau Guimarães
Westfalia
Witmarsum
Xambioá
Xambrê
Xangri-lá
Xanxerê
Xapuri
Xavantina
Xaxim
Xexéu
Xinguara
Xique-Xique
Yabebyry
Yaguarón
Yanahuanca
Yata
Ybycuí
Ygatimi
Yhú
Ypané
Ypé Jhú
Ytaity M. Bocavaty
Yungay
Yurimaguas
Yuty
Zabelê
Zacarias
Zé Doca
Zortéa
